Fecha,liq_disp_oblig_cp,liq_disp_inv_oblig_cp,liq_disp_inv_pasivo,liq_disp_inv_activo,liq_activos_pasivos_cp,fon_oblig_publico_emp_paspat,fon_oblig_publico_paspat,fon_oblig_bancos_paspat,fon_oblig_subordinadas_paspat,fon_juridicas_institucionales,fon_personas_naturales,fon_dias_permanencia_dpf,act_disp_activo,act_cartera_neta_activo,act_productivo_actcont,act_improductivo_patrimonio,car_reprogramada_cartera,car_mora_cartera,car_reprog_venc_ejec,car_prev_incobrable,car_categoria_f,solv_patrimonio_activo,solv_patrimonio_actcont,solv_cap,solv_mora_patrimonio,solv_mora_neta_patrimonio,rent_roa,rent_roe,rent_resultado_operativo,rent_gastos_fin_pasivos_costo,rent_gastos_admin_actcont
2010-01-01,347.50916666666666,756.6616666666665,90.08999999999999,49.305,NA,65.3575,64.51416666666668,7.704166666666667,0.8275,59.23083333333332,40.76916666666666,505.14118333333334,26.99,43.73833333333332,71.0925,298.2558333333333,6.246666666666666,12.532499999999999,31.643333333333334,12.568333333333333,NA,22.77666666666667,21.0875,69.64,21.42833333333333,7.939166666666668,0.4000000000000002,11.344166666666666,4.993333333333333,4.891666666666667,-4.474166666666666
2010-02-01,352.8016666666667,758.2624999999999,92.10333333333331,49.196666666666665,NA,65.7275,65.00416666666666,7.691666666666666,0.8233333333333333,59.11583333333334,40.884166666666665,502.0351666666667,28.037500000000005,43.68000000000001,70.22333333333331,315.15500000000003,6.043333333333333,12.7675,33.729166666666664,12.507500000000002,NA,22.521666666666665,20.858333333333334,69.99333333333333,23.40416666666667,9.009166666666667,0.7474999999999999,12.332499999999998,5.214166666666666,4.7175,-4.3775
2010-03-01,342.935,779.0058333333333,88.3875,48.20333333333334,NA,66.015,65.03999999999999,7.820000000000001,0.7783333333333333,60.46666666666667,39.53333333333333,504.75458333333336,27.455000000000002,44.93083333333333,70.94500000000001,307.83750000000003,5.676666666666667,12.119166666666667,33.795833333333334,11.950000000000001,NA,22.141666666666666,20.175,67.33583333333333,22.357499999999998,8.545833333333334,1.1366666666666667,15.081666666666665,5.629166666666666,4.6925,-4.435833333333334
2010-04-01,337.4875,660.7133333333334,93.30333333333334,46.90583333333333,NA,66.02666666666666,64.88833333333334,6.845833333333334,0.8258333333333333,58.72416666666666,41.27583333333333,514.9361250000001,25.85166666666667,45.826666666666675,72.34083333333332,269.7391666666666,5.629166666666666,12.154166666666669,32.59916666666667,11.918333333333331,NA,23.074166666666667,21.0825,68.75166666666667,21.926666666666666,8.215,1.115,14.676666666666668,5.639166666666667,4.876666666666668,-4.467499999999999
2010-05-01,74.35846153846153,111.79153846153847,70.57,39.574615384615385,NA,65.32846153846154,64.42615384615385,7.05076923076923,0.8446153846153847,50.182307692307695,42.12538461538462,538.5426153846155,22.717692307692307,47.81153846153846,68.49538461538461,273.3430769230769,5.084615384615385,11.246923076923078,31.53076923076923,12.513846153846153,NA,23.42,21.66,46.46384615384616,21.651538461538465,7.067692307692307,-0.14461538461538476,13.044615384615385,4.766153846153846,5.555384615384615,-4.815384615384616
2010-06-01,63.027692307692305,99.76153846153845,62.129999999999995,37.82769230769231,NA,66.2676923076923,65.42999999999999,6.524615384615384,0.8392307692307692,50.649230769230755,41.658461538461545,534.5973615384617,21.81,49.184615384615384,69.43076923076923,263.9115384615385,4.889230769230769,10.8,29.990769230769224,12.146923076923075,NA,23.033076923076923,21.273846153846154,45.10307692307692,20.144615384615385,6.342307692307693,0.1423076923076922,13.30923076923077,5.081538461538462,5.194615384615385,-4.85
2010-07-01,70.37833333333333,112.80416666666667,71.04416666666667,40.556666666666665,NA,71.51249999999999,70.55666666666666,5.855833333333333,0.8941666666666667,54.86249999999999,45.137499999999996,576.0648166666666,22.970833333333335,53.47083333333333,75.46166666666666,272.4058333333333,4.130833333333334,3.728333333333332,25.962500000000002,4.941666666666667,NA,18.124999999999996,16.093333333333334,39.01083333333333,16.731666666666666,7.124166666666667,2.2375000000000003,16.91416666666667,7.305,2.2366666666666664,-4.969166666666666
2010-08-01,73.28000000000002,110.38833333333334,62.60833333333333,39.910833333333336,NA,72.23666666666666,71.17999999999999,5.6208333333333345,0.8775000000000001,55.951666666666654,44.04833333333334,578.9437833333333,23.155,53.59,75.65416666666667,267.39500000000004,4.055833333333333,3.705,25.595000000000002,4.947500000000001,NA,17.669166666666666,15.333333333333334,38.985,16.349999999999998,6.687500000000001,2.1741666666666664,16.853333333333335,7.177500000000001,2.2025,-4.901666666666667
2010-09-01,72.91416666666666,111.66750000000002,64.4875,41.35916666666666,NA,72.86999999999999,71.78250000000001,5.610833333333333,0.8433333333333333,57.002500000000005,42.9975,583.1734833333333,24.20083333333334,53.10833333333334,74.68916666666668,270.68250000000006,3.8499999999999996,3.686666666666666,26.030833333333334,5.013333333333334,2.118333333333333,17.17583333333333,14.991666666666667,39.1325,15.756666666666668,6.129999999999999,2.055833333333333,16.352500000000003,6.976666666666666,2.1516666666666664,-4.8275
2010-10-01,71.11416666666666,108.49583333333335,66.17666666666668,39.634166666666665,NA,71.5725,70.44333333333334,6.027500000000001,0.8341666666666666,56.13666666666666,43.86333333333332,586.2937833333333,22.923333333333332,53.79833333333334,75.91666666666667,264.5333333333333,3.8749999999999996,3.4441666666666673,25.061666666666664,4.8566666666666665,2.1041666666666665,17.757500000000004,15.373333333333335,35.685833333333335,15.475833333333329,5.916666666666667,2.0658333333333334,16.335833333333333,6.9958333333333345,2.1091666666666664,-4.835
2010-11-01,60.245000000000005,98.57833333333333,60.240833333333335,39.09583333333334,NA,72.63833333333334,71.48166666666667,5.117500000000001,0.9233333333333332,57.00583333333333,42.99416666666667,594.64115,22.25583333333334,54.310833333333335,76.51333333333334,260.1066666666666,3.741666666666667,3.436666666666666,26.040833333333335,4.801666666666667,2.0316666666666667,17.513333333333335,15.378333333333336,38.969166666666666,15.28416666666667,5.753333333333334,2.055833333333333,16.29416666666667,6.989166666666667,2.0991666666666666,-4.823333333333333
2010-12-01,49.98333333333333,86.23500000000001,51.465,38.67249999999999,NA,74.295,73.15083333333332,5.3149999999999995,0.8949999999999999,59.995,40.004999999999995,595.3982,22.1375,55.39000000000001,76.7625,230.80000000000004,3.519166666666667,3.1491666666666664,24.167500000000004,4.840833333333334,1.8541666666666667,15.4625,13.549166666666665,34.718333333333334,13.579999999999998,5.005833333333333,1.8791666666666667,16.805000000000003,6.7108333333333325,2.1241666666666665,-4.6658333333333335
2011-01-01,49.50666666666666,86.4475,52.035833333333336,38.31333333333333,NA,74.10000000000001,73.06250000000001,5.185833333333334,0.8866666666666666,58.72,41.28,605.8723333333334,21.073333333333334,55.52,77.63416666666667,244.2016666666667,3.545,3.374166666666666,26.31,4.97,1.9116666666666668,15.932499999999997,13.87166666666667,35.431666666666665,14.368333333333332,5.537499999999999,1.3408333333333333,15.886666666666665,6.416666666666667,1.883333333333333,-4.951666666666667
2011-02-01,50.2925,84.60416666666666,52.23416666666666,39.19833333333333,NA,74.82083333333334,73.60166666666667,5.106666666666667,0.8158333333333334,60.20000000000001,39.800000000000004,605.0547916666666,22.396666666666665,54.969166666666666,76.53333333333333,259.1325,2.8525000000000005,1.7799999999999996,21.498333333333335,4.084166666666667,1.1716666666666666,15.3125,13.685833333333335,34.583333333333336,13.4625,5.214166666666666,1.32,14.574166666666665,6.432500000000001,1.7691666666666668,-4.982500000000001
2011-03-01,64.76083333333334,98.90249999999999,63.79333333333333,38.27166666666667,NA,72.44083333333333,71.06333333333333,5.031666666666667,0.7891666666666666,60.03583333333333,39.964166666666664,593.6811666666667,22.69583333333333,55.70583333333332,76.46666666666665,245.15499999999997,2.7258333333333336,1.74,22.0525,4.063333333333333,1.1483333333333337,17.605833333333337,15.655000000000001,37.074999999999996,13.161666666666664,5.059166666666667,1.6658333333333333,15.805,6.959166666666667,1.7700000000000002,-5.1325
2011-04-01,61.29416666666666,100.83583333333333,65.89916666666666,36.43,NA,71.17999999999999,69.92416666666666,5.174166666666666,0.7725,58.37166666666666,41.62833333333333,588.6321416666666,19.565833333333334,56.81916666666667,79.09333333333333,213.275,2.5683333333333334,1.6575000000000004,22.554166666666664,3.989166666666666,1.14,18.0825,16.041666666666668,39.410833333333336,12.720833333333331,4.735,1.7199999999999998,15.710000000000006,7.071666666666666,1.7566666666666666,-5.208333333333334
2011-05-01,51.39333333333334,90.375,56.366666666666674,34.09666666666667,NA,71.58583333333333,70.105,5.418333333333334,0.7616666666666667,58.53583333333333,41.464166666666664,591.9216666666666,17.153333333333332,59.665,82.10916666666667,185.11916666666664,2.4225,1.5441666666666665,21.944166666666664,4.013333333333333,1.1033333333333335,18.221666666666668,15.2725,31.062500000000004,12.193333333333333,4.362500000000001,1.6841666666666668,15.643333333333333,6.999166666666667,1.7225,-5.175833333333333
2011-06-01,52.345,83.69916666666667,52.3775,35.11166666666667,NA,73.02416666666666,71.84916666666666,4.973333333333334,0.7424999999999998,59.25999999999999,40.74,592.0236583333334,19.965,59.91833333333333,79.955,202.2441666666667,2.2425,1.4083333333333332,20.639999999999997,3.9341666666666675,1.0425,17.029999999999998,14.293333333333331,30.21416666666666,11.362499999999999,3.9949999999999997,1.7266666666666666,16.545833333333338,6.978333333333334,1.696666666666667,-5.115833333333333
2011-07-01,52.52692307692307,89.24769230769229,54.83384615384615,33.71230769230769,NA,71.01923076923077,69.97461538461539,6.116153846153845,0.9053846153846153,59.21461538461539,40.785384615384615,594.8963,18.18307692307693,61.349999999999994,81.32461538461538,204.98076923076923,2.052307692307692,1.5269230769230768,20.848461538461535,4.1,1.0446153846153845,17.11230769230769,14.26,27.62307692307692,12.567692307692308,4.816923076923077,1.8700000000000006,17.315384615384616,7.610769230769228,1.8215384615384613,-5.519230769230769
2011-08-01,60.00692307692308,94.39846153846155,56.45384615384615,33.26230769230769,NA,70.95692307692306,69.91153846153844,6.037692307692309,0.8692307692307691,59.349999999999994,40.64999999999999,602.5776538461539,18.705384615384617,61.98615384615384,80.98153846153846,208.10307692307694,1.9492307692307693,1.46,26.663846153846155,4.096923076923078,1.0376923076923077,17.566153846153846,14.473076923076924,28.03076923076923,12.01769230769231,4.303846153846154,1.976153846153846,17.654615384615383,7.666923076923077,1.8153846153846152,-5.490769230769231
2011-09-01,66.3246153846154,96.87076923076923,59.534615384615385,34.089230769230774,NA,72.32307692307691,71.23538461538462,5.659230769230769,0.8307692307692308,59.840769230769226,40.15923076923077,604.9624538461538,20.483076923076922,61.92846153846154,79.58461538461538,215.9323076923077,1.8884615384615384,1.442307692307692,26.489999999999995,4.136153846153847,1.0353846153846153,16.85153846153846,14.055384615384614,28.15615384615385,11.976153846153846,4.203076923076922,1.9376923076923076,17.246923076923075,7.508461538461538,1.7846153846153845,-5.40923076923077
2011-10-01,58.3176923076923,93.4423076923077,50.309230769230766,33.431538461538466,NA,72.12538461538462,70.69538461538461,5.3753846153846165,0.8176923076923076,59.363076923076925,40.636923076923075,601.6227538461538,19.509230769230765,62.676153846153845,81.00615384615384,220.48538461538465,1.867692307692308,1.450769230769231,26.71076923076923,4.28923076923077,1.0238461538461539,16.886153846153846,12.805384615384614,22.76307692307692,11.593846153846155,4.157692307692308,1.8984615384615384,18.08153846153846,7.379230769230768,1.783076923076923,-5.305384615384615
2011-11-01,46.14692307692307,74.79384615384616,43.42923076923076,35.23384615384616,NA,74.3776923076923,73.07692307692308,5.508461538461538,0.7923076923076923,62.52230769230768,37.47769230769231,605.3857692307691,21.738461538461536,60.84923076923077,78.41307692307691,252.7138461538462,1.7907692307692307,1.443076923076923,27.45307692307692,4.159230769230769,0.9976923076923074,13.646923076923079,11.633076923076922,21.252307692307696,11.091538461538464,3.8430769230769224,1.7592307692307696,18.37846153846154,7.092307692307691,1.7646153846153845,-5.157692307692307
2011-12-01,45.74769230769231,74.55461538461537,43.05615384615385,34.83846153846154,NA,73.83846153846153,72.55076923076922,5.3961538461538465,0.7661538461538461,61.17692307692308,38.823076923076925,595.3093615384615,21.415384615384614,61.116923076923065,78.59076923076924,257.8530769230769,1.6592307692307695,1.2869230769230766,27.139230769230775,4.02923076923077,0.9723076923076921,13.916153846153849,11.794615384615385,20.583076923076923,9.95153846153846,3.2161538461538464,1.84,19.408461538461534,7.115384615384615,1.7700000000000007,-5.034615384615384
2012-01-01,44.99769230769231,73.96615384615384,42.23461538461538,33.216153846153844,NA,73.73538461538462,72.36307692307693,5.43076923076923,0.7453846153846153,61.45384615384615,38.54615384615385,586.563723076923,19.997692307692304,62.42769230769232,79.80230769230768,232.03,1.671538461538462,1.347692307692308,27.293076923076924,4.067692307692308,0.9676923076923079,14.80307692307692,12.216153846153844,20.77615384615385,10.44923076923077,3.5661538461538456,1.4761538461538466,16.803076923076922,6.806923076923075,1.916923076923077,-5.1269230769230765
2012-02-01,46.67846153846155,76.78153846153847,42.74615384615385,34.71307692307692,NA,74.99153846153845,73.59923076923077,5.2299999999999995,0.7215384615384615,63.165384615384625,36.83461538461538,590.6591153846155,21.00615384615385,61.11230769230769,78.77076923076923,243.26692307692306,1.7061538461538461,1.3823076923076922,20.89307692307692,4.110769230769231,1.0146153846153847,13.616153846153846,11.644615384615385,21.352307692307697,11.2,4.009230769230769,1.3784615384615384,16.99846153846154,6.750769230769231,1.853076923076923,-5.165384615384616
2012-03-01,48.908461538461545,80.66307692307691,44.69384615384615,34.23461538461538,NA,73.53692307692307,72.14999999999999,5.113076923076924,0.6707692307692308,63.823846153846155,36.176153846153845,588.6141384615385,19.77846153846154,61.43384615384616,79.97461538461538,238.64153846153852,1.7338461538461538,1.3076923076923077,19.944615384615382,4.077692307692308,0.9830769230769233,15.324615384615385,12.633076923076924,22.6,10.633076923076922,3.6123076923076924,1.6269230769230771,17.963076923076922,6.974615384615386,1.8715384615384614,-5.140769230769229
2012-04-01,41.769999999999996,78.19615384615385,43.575384615384614,33.91230769230769,NA,73.23538461538462,71.76230769230769,4.891538461538461,0.6500000000000001,64.06153846153845,35.93846153846154,595.1550153846154,17.645384615384614,61.66615384615385,81.7076923076923,224.96846153846158,1.6384615384615384,1.336153846153846,21.050000000000004,4.011538461538462,0.9923076923076924,15.086153846153849,12.700000000000001,22.149230769230766,11.098461538461539,3.8699999999999997,1.536153846153846,16.54615384615385,6.840769230769231,1.8746153846153848,-5.075384615384616
2012-05-01,43.02923076923078,80.79692307692306,44.46307692307692,33.0923076923077,NA,73.33,71.82384615384616,5.117692307692308,0.6376923076923078,63.06846153846155,36.93153846153846,597.7396000000001,16.536923076923074,62.47615384615384,82.97692307692309,195.67692307692312,1.6146153846153848,1.2899999999999996,19.85076923076923,4.042307692307692,0.9723076923076923,15.77846153846154,13.153076923076924,25.05692307692308,11.003076923076925,3.7792307692307694,1.433076923076923,15.153846153846153,6.895384615384615,1.8738461538461542,-5.233076923076923
2012-06-01,44.49615384615384,81.59769230769231,46.169230769230765,34.24153846153846,NA,74.11999999999999,72.58307692307692,4.8815384615384625,0.6207692307692307,64.29076923076924,35.70923076923077,585.4566615384615,17.863846153846154,61.67692307692307,82.05307692307692,195.17769230769233,1.535384615384615,1.2707692307692307,19.194615384615386,4.061538461538462,0.9761538461538463,15.372307692307695,12.939999999999998,26.213846153846152,10.765384615384617,3.6130769230769224,1.4846153846153844,15.713846153846154,6.970000000000001,1.8784615384615386,-5.2761538461538455
2012-07-01,47.54538461538462,86.48230769230769,47.24538461538462,32.143846153846155,NA,72.2023076923077,70.63384615384615,5.1899999999999995,0.6053846153846154,62.96384615384616,37.03615384615385,577.8011615384615,15.743076923076927,63.59,83.83538461538461,182.0907692307692,1.4715384615384615,1.29,22.52769230769231,4.0600000000000005,0.9615384615384615,16.836153846153845,13.64076923076923,25.293076923076928,10.814615384615385,3.716153846153847,1.4607692307692306,15.301538461538463,7.014615384615384,1.883076923076923,-5.320000000000001
2012-08-01,44.06153846153846,79.89846153846155,42.933076923076925,33.276153846153846,NA,74.06846153846153,72.63230769230769,5.313076923076922,0.5769230769230769,63.63307692307693,36.36692307692307,577.4715307692308,17.872307692307693,62.82769230769231,81.97153846153846,197.15692307692305,1.4546153846153846,1.3046153846153847,22.49384615384615,4.003846153846154,0.9453846153846153,14.743846153846155,12.61769230769231,24.73076923076923,10.887692307692307,3.6923076923076925,1.4353846153846155,15.622307692307693,6.935384615384615,1.8646153846153846,-5.246153846153845
2012-09-01,46.03923076923077,80.41307692307693,43.876923076923084,34.55,NA,73.80769230769229,72.44999999999999,5.154615384615385,0.556923076923077,64.87076923076924,35.129230769230766,559.3899692307691,19.454615384615387,61.48538461538462,80.36692307692307,215.55076923076922,1.4046153846153848,1.3192307692307694,22.97307692307692,3.9369230769230765,0.9299999999999999,14.209230769230771,12.276153846153845,24.990000000000006,10.836923076923075,3.886153846153846,1.4600000000000004,15.672307692307694,6.92923076923077,1.8699999999999999,-5.197692307692307
2012-10-01,45.042307692307695,79.96615384615384,42.58846153846154,33.878461538461536,NA,73.78076923076924,72.07461538461538,6.2007692307692315,0.546923076923077,64.97,35.03000000000001,554.2401846153846,18.333846153846153,62.35923076923078,81.57846153846154,198.37,1.3807692307692307,1.29,27.75230769230769,3.8946153846153844,0.9053846153846155,13.968461538461538,12.134615384615387,22.07384615384615,10.486923076923075,3.691538461538461,1.4553846153846153,15.725384615384616,6.964615384615385,1.8553846153846154,-5.203076923076923
2012-11-01,48.441538461538464,84.29769230769229,44.04461538461539,34.97769230769231,NA,73.55076923076923,71.15538461538462,6.588461538461538,0.62,65.00384615384615,34.99615384615384,553.9814384615385,19.436153846153847,61.373846153846145,80.27384615384615,214.36153846153846,1.3661538461538463,1.2646153846153845,22.486923076923077,3.8246153846153845,0.8969230769230769,13.685384615384613,12.126153846153844,23.13384615384615,10.34769230769231,3.5738461538461532,1.4853846153846153,15.933846153846154,7.01,1.85,-5.182307692307692
2012-12-01,49.38549287821758,84.58355513635429,42.58578784441713,34.423284915879314,NA,75.52671194238579,73.37456908524294,4.886528698176718,0.570550124054783,65.68785714285714,34.31214285714285,565.3580714285714,20.184088283656514,61.65533938583506,79.28722602611617,222.19685390560446,1.1928749336846989,1.198143515142297,19.244540166565447,3.4859928040700843,0.8642857142857142,13.552306387011445,12.06304050012382,20.651428571428575,8.667556376175872,2.687312291937846,1.4598927721702535,15.943619281194557,7.279255746405199,1.9433062060309978,-5.331083396313126
2013-01-01,47.35928571428572,81.94214285714285,42.70928571428571,34.24714285714286,NA,76.095,73.67071428571428,4.072857142857143,0.5599999999999999,67.14285714285715,32.857142857142854,583.5929071428571,19.445,61.73,79.98428571428572,214.0507142857143,1.1807142857142856,1.264285714285714,19.821428571428573,3.4978571428571423,0.8785714285714287,13.717857142857143,11.980714285714285,20.323571428571427,9.158571428571426,2.970714285714286,0.9514285714285714,12.37,7.060714285714285,2.0785714285714283,-5.667142857142856
2013-02-01,51.461428571428556,87.8307142857143,42.027857142857144,34.175714285714285,NA,75.11428571428571,72.54642857142856,5.630000000000001,0.6007142857142858,65.755,34.245000000000005,564.0520928571428,19.435714285714287,61.520714285714284,79.85571428571428,218.18928571428572,1.2164285714285712,1.377142857142857,21.53,3.5121428571428566,0.8850000000000001,13.119285714285713,11.612142857142857,20.777142857142856,10.510714285714284,3.857142857142857,0.9757142857142858,11.372142857142858,6.829285714285715,1.898571428571429,-5.53
2013-03-01,44.75285714285714,83.84642857142856,42.24714285714286,34.13285714285714,NA,75.49071428571428,72.9707142857143,5.2821428571428575,0.5764285714285714,66.53285714285714,33.46714285714285,564.6435357142857,17.822142857142858,61.31357142857143,81.18857142857142,204.16642857142855,1.262142857142857,1.3614285714285717,18.080000000000002,3.547857142857143,0.872142857142857,13.105,11.620714285714284,21.165,10.428571428571429,3.644285714285714,1.0978571428571429,11.689285714285713,7.048571428571429,1.957142857142857,-5.57
2013-04-01,38.84928571428571,79.76642857142859,40.29857142857143,33.25214285714286,NA,75.65714285714286,73.15928571428572,5.250714285714286,0.6628571428571428,66.84142857142857,33.15857142857143,564.7982071428571,16.357142857142854,62.30071428571428,82.6392857142857,182.5371428571429,1.2185714285714284,1.345,22.552857142857142,3.4664285714285716,0.8942857142857144,12.522857142857143,11.188571428571427,20.86071428571429,10.453571428571431,3.37,1.2007142857142856,12.372142857142856,7.17,1.9585714285714286,-5.6464285714285705
2013-05-01,39.56357142857143,82.87142857142855,39.36142857142857,32.06428571428571,NA,75.30142857142857,72.70857142857143,5.307142857142857,0.6478571428571429,65.57714285714285,34.42285714285714,566.2777071428571,15.102142857142857,63.314285714285724,83.72142857142858,175.42071428571427,1.183571428571429,1.3414285714285714,23.699999999999996,3.43,0.8921428571428571,13.184285714285718,11.640714285714283,21.26642857142857,10.394285714285715,3.25,1.2821428571428573,12.882857142857144,7.2835714285714275,1.9892857142857145,-5.678571428571428
2013-06-01,38.87928571428572,77.54357142857143,38.862857142857145,31.902142857142856,NA,76.05214285714285,73.11,4.884999999999999,0.64,65.87785714285715,34.122142857142855,566.5339857142857,16.108571428571427,63.49142857142857,82.86928571428572,182.52214285714288,1.147142857142857,1.417142857142857,25.962142857142855,3.3678571428571424,0.8607142857142858,12.877857142857142,11.420000000000002,21.25357142857143,10.427857142857144,3.5876923076923077,1.3107142857142857,13.125714285714286,7.345714285714285,1.9950000000000003,-5.742142857142857
2013-07-01,40.903571428571425,82.08071428571428,38.04785714285715,30.379999999999995,NA,73.58714285714287,70.96428571428572,5.947142857142857,0.6057142857142856,65.37714285714286,34.62285714285714,582.4155857142857,14.460714285714287,65.30714285714285,84.38214285714285,176.5407142857143,1.1485714285714284,1.352857142857143,24.137857142857143,3.374285714285714,0.85,14.127142857142857,12.149285714285714,20.85214285714286,10.672857142857143,3.8815384615384616,1.2335714285714285,12.882857142857144,7.449285714285714,1.9742857142857144,-5.777142857142857
2013-08-01,42.09571428571429,80.72642857142857,38.84571428571428,31.510714285714293,NA,75.10071428571428,72.60142857142857,5.229285714285715,0.7171428571428572,65.77642857142857,34.223571428571425,590.36635,16.599285714285717,64.33428571428571,82.68785714285714,183.66214285714287,1.1885714285714284,1.3907142857142856,24.37142857142857,3.4428571428571426,0.847857142857143,13.362857142857141,11.525714285714285,21.71,11.10785714285714,4.0661538461538465,1.2621428571428568,13.309285714285716,7.388571428571429,2,-5.694999999999999
2013-09-01,37.93500000000001,78.62857142857142,38.53642857142857,31.42214285714286,NA,75.00500000000001,72.25857142857143,5.157142857142857,0.7042857142857144,66.04785714285714,33.95214285714285,586.7510928571428,15.307857142857143,64.63428571428571,83.7207142857143,171.66857142857143,1.1964285714285714,1.3735714285714287,20.425714285714285,3.4492857142857143,0.8521428571428571,13.210714285714287,11.685714285714285,21.443571428571428,11.039285714285713,3.9715384615384624,1.2392857142857143,13.28857142857143,7.403571428571429,1.9949999999999999,-5.697857142857143
2013-10-01,39.59357142857142,80.17142857142858,40.22428571428571,32.84357142857143,NA,75.28071428571427,72.46642857142857,5.573571428571428,0.8085714285714286,67.11,32.89,569.5105642857143,16.177142857142858,63.317142857142855,83.18785714285715,173.3007142857143,1.1764285714285714,1.2914285714285716,18.718571428571426,3.4785714285714286,0.8614285714285713,12.733571428571429,11.207857142857147,20.56714285714286,10.52,3.4821428571428568,1.2535714285714286,13.658571428571431,7.317142857142859,1.9749999999999999,-5.600714285714285
2013-11-01,39.51428571428571,81.85071428571428,39.673571428571435,31.849285714285713,NA,74.28285714285717,71.44428571428571,5.815,0.9421428571428571,67.83928571428571,32.160714285714285,565.5032642857143,15.008571428571427,64.06785714285715,83.78999999999999,156.7307142857143,1.095,1.3635714285714287,18.732857142857142,3.5114285714285716,0.8492857142857142,13.193571428571431,11.491428571428571,20.80857142857143,11.111428571428572,4.022857142857143,1.25,13.422857142857142,7.328571428571427,1.9878571428571428,-5.654285714285714
2013-12-01,48.45928571428571,88.85571428571427,42.25285714285714,33.30928571428572,NA,73.73142857142857,70.85499999999999,6.143571428571428,0.9971428571428572,66.44714285714285,33.55285714285715,550.5507071428572,17.31285714285714,62.69428571428572,82.44928571428571,186.98000000000002,1.0935714285714284,1.2349999999999999,17.52,3.5221428571428572,0.8114285714285714,13.542857142857141,11.717857142857142,21.767142857142858,9.972142857142856,3.3530769230769226,1.2535714285714288,13.887857142857145,7.452857142857142,1.9778571428571432,-5.622857142857143
2014-01-01,37.84499999999999,80.76214285714285,41.80714285714286,34.45928571428571,NA,76.10928571428569,73.22357142857142,5.268571428571429,0.9992857142857142,66.675,33.324999999999996,516.8697,16.516428571428573,61.409285714285716,82.71285714285715,180.89214285714283,1.0564285714285713,1.247142857142857,17.235714285714288,3.5671428571428576,0.8228571428571427,12.158571428571426,10.887142857142857,22.26642857142857,10.251428571428573,3.451538461538462,1.342142857142857,15.107142857142858,7.421428571428571,2.0542857142857143,-5.53
2014-02-01,38.14714285714285,80.98642857142856,41.64214285714286,33.502857142857145,NA,75.16785714285713,72.0792857142857,5.153571428571429,0.9857142857142858,66.49785714285713,33.50214285714286,514.8219857142857,15.52642857142857,62.27285714285714,83.7757142857143,167.98857142857142,1.09,1.3764285714285711,24.20642857142857,3.6021428571428578,0.83,12.852142857142855,11.332142857142857,21.843571428571433,11.342142857142857,4.023846153846154,1.3378571428571429,14.512857142857143,7.233571428571429,1.9657142857142855,-5.492857142857142
2014-03-01,40.287142857142854,85.87571428571428,42.62071428571428,33.13928571428572,NA,73.89928571428571,70.44214285714285,5.617142857142858,0.9642857142857142,66.04571428571428,33.95428571428571,531.8181142857143,14.569999999999999,62.34285714285714,84.40428571428572,165.47499999999997,1.135,1.412142857142857,24.08214285714286,3.631428571428572,0.8328571428571429,13.55642857142857,11.83642857142857,22.454285714285714,11.742142857142856,4.055384615384616,1.3057142857142858,14.465000000000003,7.614285714285715,1.9992857142857141,-5.752142857142858
2014-04-01,35.11071428571429,72.2992857142857,38.910000000000004,32.41285714285714,NA,76.56285714285715,73.41285714285713,5.010714285714286,0.9507142857142856,67.12857142857142,32.871428571428574,507.93119999999993,16.018571428571427,63.53357142857142,83.06785714285715,177.64642857142857,1.102142857142857,1.3614285714285717,22.914285714285715,3.5471428571428576,0.857857142857143,11.891428571428573,10.634285714285713,20.83142857142857,11.444285714285716,3.9038461538461537,1.33,15.206428571428571,7.54857142857143,2.004285714285714,-5.674285714285714
2014-05-01,34.41142857142857,70.83214285714287,38.49714285714286,31.601428571428574,NA,76.39785714285713,73.3142857142857,4.587142857142857,0.9328571428571429,66.28999999999999,33.709999999999994,472.90083571428573,15.754999999999999,64.32642857142856,83.19357142857143,179.295,1.0985714285714285,1.4071428571428568,22.878571428571426,3.508571428571429,0.862857142857143,12.26,10.872857142857141,20.947857142857142,11.980714285714287,4.190769230769231,1.3314285714285714,15.231428571428571,7.582857142857143,2.0464285714285717,-5.714285714285714
2014-06-01,34.82142857142857,71.55499999999999,38.029999999999994,31.682142857142853,NA,76.40142857142857,73.23642857142856,4.774285714285715,0.9900000000000001,65.95857142857143,34.04142857142857,463.43855,15.832142857142856,64.39071428571428,83.15714285714286,182.25428571428571,1.0864285714285715,1.3164285714285715,22.061428571428568,3.468571428571429,0.8250000000000001,12.144999999999998,10.764285714285714,20.954285714285714,11.040000000000001,3.582307692307692,1.2949999999999997,15.222142857142856,7.517142857142858,2.0428571428571423,-5.645714285714285
2014-07-01,38.3329411764706,88.31882352941177,34.87294117647059,28.181764705882358,NA,73.05941176470587,70.46470588235293,7.919999999999999,0.8717647058823528,65.24823529411765,34.751764705882344,515.225905882353,11.764117647058825,66.92647058823529,86.89,147.68470588235292,1.0358823529411767,1.3623529411764708,19.07823529411765,3.5464705882352945,0.8711764705882353,13.09,11.382941176470588,19.06352941176471,11.536470588235296,3.8252941176470587,1.3541176470588236,15.342941176470587,7.740000000000001,2.4188235294117644,-5.874705882352942
2014-08-01,37.96,85.15411764705883,35.35999999999999,28.571176470588227,NA,74.31764705882354,72.05705882352942,6.570588235294117,0.8623529411764705,66.37941176470588,33.620588235294115,516.4766529411764,12.624705882352941,66.52882352941177,86.16411764705882,153.1864705882353,1.0117647058823531,1.4294117647058822,20.232941176470586,3.5617647058823527,0.8905882352941176,13.082352941176469,11.284705882352942,18.74235294117647,12.032941176470588,4.033529411764706,1.3929411764705881,15.422941176470587,7.732941176470587,2.4735294117647064,-5.831764705882352
2014-09-01,40.89117647058824,87.21352941176471,36.97411764705882,29.860000000000003,NA,75.16411764705882,73.16470588235295,5.78529411764706,0.8652941176470588,66.22529411764707,33.77470588235295,520.1973764705882,13.812941176470588,65.36588235294118,85.24411764705883,164.43117647058827,1.0482352941176472,1.4288235294117644,19.7364705882353,3.5411764705882347,0.9164705882352943,12.852352941176472,11.10235294117647,18.815882352941177,12.009411764705886,3.971764705882353,1.3417647058823527,15.25764705882353,7.621176470588235,2.5229411764705882,-5.754117647058824
2014-10-01,43.02117647058824,91.39529411764704,37.58882352941177,30.637058823529415,NA,75.7464705882353,73.70941176470589,5.593529411764705,0.8841176470588236,66.76470588235293,33.23529411764706,522.3006235294118,14.568235294117649,64.77705882352942,84.79882352941176,178.54117647058825,1.0311764705882354,1.4064705882352944,19.477647058823525,3.595294117647059,0.9400000000000001,12.705882352941174,10.80235294117647,18.242352941176467,11.81764705882353,3.6976470588235295,1.2941176470588234,14.968235294117648,7.490000000000001,2.532941176470588,-5.688235294117646
2014-11-01,44.67235294117646,91.2794117647059,36.739999999999995,30.50941176470588,NA,75.54411764705883,73.64529411764705,6.046470588235295,0.9794117647058823,66.86470588235295,33.13529411764706,529.9333588235294,14.734117647058822,65.04058823529412,84.63882352941175,176.5882352941177,1.0476470588235294,1.4247058823529415,19.319411764705883,3.572941176470588,0.9276470588235295,12.260588235294117,10.620000000000001,18.144117647058824,12.026470588235295,3.8811764705882363,1.2594117647058825,14.764117647058825,7.398235294117646,2.5400000000000005,-5.638235294117648
2014-12-01,44.91705882352942,90.88235294117648,37.65941176470588,30.30352941176471,NA,75.24058823529411,73.11176470588235,5.880000000000001,0.9641176470588235,65.90235294117647,34.097647058823526,537.122694117647,14.76764705882353,65.12117647058824,84.66176470588236,179.0794117647059,1.0570588235294116,1.3023529411764707,18.03882352941176,3.4952941176470596,0.9088235294117649,13.018823529411764,11.121764705882352,18.255882352941178,10.80235294117647,3.162352941176471,1.341764705882353,15.33294117647059,7.49705882352941,2.571176470588235,-5.525882352941177
2015-01-01,48.712941176470586,93.37000000000002,37.32411764705882,30.501176470588234,NA,75.15705882352941,73.16411764705882,6.460588235294117,0.9647058823529411,66.90823529411765,33.09176470588235,520.0608823529412,14.878235294117646,64.48882352941176,84.59411764705882,177.88235294117644,1.0717647058823532,1.3717647058823528,18.640588235294118,3.552941176470588,0.957058823529412,12.480000000000002,10.73,18.478823529411766,11.471176470588235,3.4817647058823535,1.0017647058823531,12.840588235294117,6.79529411764706,2.7858823529411763,-5.421176470588236
2015-02-01,49.557647058823534,99.92882352941179,37.95882352941176,30.70117647058824,NA,74.67294117647059,72.41058823529411,6.597058823529411,0.9441176470588236,67.19882352941177,32.80117647058824,529.995305882353,14.011764705882355,64.11529411764707,85.19823529411764,174.39823529411765,1.0899999999999999,1.539411764705882,20.197647058823527,3.5958823529411768,0.9911764705882353,12.631764705882352,10.764705882352942,19.18235294117647,13.357647058823531,4.7682352941176465,1.0317647058823531,12.463529411764705,6.522941176470589,2.63235294117647,-5.22529411764706
2015-03-01,46.49176470588235,98.99000000000002,37.912941176470596,31.21529411764706,NA,74.56352941176472,72.0635294117647,7.6005882352941185,0.9258823529411765,68.08294117647057,31.917058823529413,545.0050647058824,13.307058823529413,63.599411764705884,86.10529411764708,162.65941176470588,1.0688235294117645,1.5105882352941176,20.70176470588235,3.565294117647059,0.9570588235294117,11.832941176470591,10.070588235294117,19.634117647058826,13.115882352941176,4.474705882352941,1.0517647058823532,12.838235294117647,6.559411764705884,2.6611764705882353,-5.220000000000001
2015-04-01,42.31588235294117,95.29588235294118,35.7864705882353,29.17882352941176,NA,74.6441176470588,72.05705882352942,7.291764705882352,0.918235294117647,67.50411764705882,32.49588235294117,557.9199470588235,11.73235294117647,65.95647058823528,87.39882352941176,155.67470588235295,1.0723529411764705,1.520588235294118,22.000000000000004,3.5382352941176474,0.9876470588235293,12.430588235294119,10.382941176470588,18.66235294117647,13.37941176470588,4.47,0.9623529411764705,12.215882352941177,6.463529411764705,2.6500000000000004,-5.264117647058823
2015-05-01,42.08117647058823,89.05882352941177,34.57411764705881,29.043529411764705,NA,75.12588235294118,72.66705882352942,7.50529411764706,0.9005882352941177,67.99941176470588,32.000588235294124,572.0225294117647,12.742352941176472,66.11823529411765,86.37058823529412,166.95823529411763,1.1494117647058826,1.4935294117647058,20.626470588235293,3.514117647058824,1.0188235294117647,11.712941176470588,10.048235294117646,18.665294117647058,13.204705882352942,4.2182352941176475,0.9335294117647058,12.071176470588233,6.473529411764706,2.6558823529411764,-5.291176470588234
2015-06-01,43.95882352941177,90.52529411764706,35.27705882352941,29.561764705882354,NA,75.20294117647059,72.78823529411764,7.727647058823529,0.88,67.45823529411764,32.54176470588235,579.0981941176472,13.667647058823531,65.75647058823529,85.75294117647059,174.53117647058826,1.2158823529411766,1.4158823529411766,19.604705882352942,3.4435294117647057,0.9676470588235295,11.754705882352942,10.01529411764706,18.266470588235297,12.430588235294119,3.877058823529411,0.9241176470588236,11.891764705882355,6.435882352941177,2.652941176470588,-5.254117647058823
2015-07-01,51.58999999999999,103.10117647058823,34.784705882352945,28.94882352941177,NA,73.99411764705883,71.66764705882352,8.775882352941174,0.8729411764705883,66.98176470588236,33.01823529411765,572.8240411764705,13.507058823529412,66.41647058823528,85.71882352941178,175.45411764705884,1.224117647058824,1.4641176470588235,18.451764705882358,3.4329411764705884,0.9829411764705883,11.942352941176472,10.159411764705883,18.354705882352942,12.956470588235293,4.214117647058822,0.9352941176470589,12.15764705882353,6.441764705882353,2.6341176470588237,-5.248235294117646
2015-08-01,54.01941176470588,102.42941176470588,35.04882352941177,28.963529411764704,NA,74.2541176470588,72.22941176470587,8.332941176470586,0.8970588235294118,67.23117647058821,32.76882352941177,581.5761352941175,13.790000000000001,66.86352941176472,85.51352941176471,177.45588235294122,1.2458823529411764,1.4982352941176469,18.738823529411764,3.4223529411764706,0.9752941176470588,12.155882352941179,10.191176470588236,18.332941176470587,13.267058823529412,4.400588235294117,0.9405882352941176,12.141764705882352,6.417058823529412,2.650588235294118,-5.226470588235294
2015-09-01,58.19941176470587,105.13176470588235,35.15588235294118,29.028235294117646,NA,74.31470588235294,72.40470588235293,8.040588235294118,0.9670588235294119,67.55882352941177,32.44117647058823,579.311988235294,14.964117647058824,66.83588235294118,84.53176470588235,195.01823529411766,1.2170588235294115,1.4958823529411764,19.014705882352942,3.417058823529412,0.9800000000000002,12.26764705882353,10.244117647058824,17.46764705882353,13.221176470588235,4.401764705882352,0.9258823529411765,11.934705882352942,6.3758823529411766,2.646470588235294,-5.199411764705881
2015-10-01,49.08470588235294,88.73470588235293,33.95882352941177,27.96470588235294,NA,75.0364705882353,73.14882352941176,6.991764705882353,0.9376470588235295,68.08235294117647,31.917647058823537,556.9444941176471,14.888823529411766,67.96529411764705,84.49588235294118,199.21058823529413,1.2629411764705882,1.5041176470588233,18.468235294117648,3.426470588235294,0.9788235294117648,12.675882352941178,10.51529411764706,17.66470588235294,13.441764705882354,4.593529411764704,0.9076470588235295,11.786470588235295,6.337058823529412,2.658823529411765,-5.205882352941177
2015-11-01,49.94647058823529,85.83470588235294,34.35705882352941,27.591764705882355,NA,74.88764705882352,73.13588235294118,6.675882352941177,0.928235294117647,68.49411764705884,31.50588235294117,561.2856882352942,15.291176470588235,68.27941176470588,84.40176470588234,201.35411764705879,1.2847058823529411,1.5376470588235296,18.261176470588236,3.419411764705883,0.9776470588235294,13.03941176470588,10.707647058823532,17.898823529411768,13.926470588235297,4.832941176470588,0.8911764705882352,11.52705882352941,6.3076470588235285,2.6782352941176466,-5.194117647058824
2015-12-01,45.478235294117646,81.7241176470588,35.92176470588236,29.771176470588234,NA,76.67000000000002,75.03705882352942,6.253529411764705,1.0335294117647058,68.31882352941176,31.68117647058823,560.8737647058824,17.064117647058822,66.05588235294118,82.92882352941174,226.61235294117648,1.3329411764705883,1.4188235294117648,17.818235294117645,3.2482352941176473,0.958235294117647,11.875882352941177,10.009411764705884,17.81764705882353,12.645294117647056,4.00764705882353,0.9417647058823531,12.340588235294119,6.287058823529412,2.650588235294118,-5.006470588235294
2016-01-01,49.49823529411765,86.81470588235297,35.00529411764706,28.57176470588235,NA,75.10529411764705,73.54882352941176,6.837058823529411,1.2070588235294117,67.69529411764707,32.30470588235294,551.1506235294119,15.897058823529411,66.91294117647058,83.90352941176471,213.53764705882352,1.358235294117647,1.5529411764705885,19.603529411764708,3.2994117647058827,0.9841176470588235,12.471764705882354,10.215882352941174,17.898823529411768,13.993529411764706,4.9288235294117655,0.5758823529411765,8.65,5.587647058823529,2.5776470588235294,-4.747058823529413
2016-02-01,48.87588235294118,88.55823529411765,35.891176470588235,29.349411764705877,NA,75.06941176470589,73.3064705882353,7.1770588235294115,1.19,68.4,31.6,506.5181588235295,15.852941176470589,66.07588235294118,83.88294117647058,209.3635294117647,1.3888235294117646,1.7264705882352942,20.37,3.3876470588235295,1.052941176470588,12.075882352941179,9.993529411764705,18.69235294117647,15.92,5.599411764705884,0.35529411764705876,5.575882352941176,5.284117647058823,2.5041176470588233,-4.648235294117647
2016-03-01,52.986470588235285,94.81235294117648,36.39352941176471,29.229999999999993,NA,74.25647058823529,72.36705882352942,7.662941176470589,1.168235294117647,68.44999999999999,31.549999999999994,464.7386705882352,15.311764705882357,66.0264705882353,84.35764705882353,205.57941176470587,1.4505882352941177,1.6764705882352942,19.694117647058825,3.335294117647058,1.0564705882352943,12.408823529411766,9.889411764705882,18.215294117647062,15.711176470588233,5.534117647058824,0.6000000000000001,8.235294117647058,5.522352941176472,2.524117647058824,-4.629411764705883
2016-04-01,49.22176470588234,91.56588235294116,33.97647058823529,28.058823529411764,NA,74.19352941176471,72.65176470588236,8.309411764705882,1.1394117647058823,68.45705882352941,31.54294117647058,468.1002823529411,13.732352941176467,67.34176470588237,85.79529411764706,186.16764705882355,1.4617647058823533,1.6741176470588235,20.03058823529412,3.3388235294117647,1.0823529411764707,11.813529411764707,9.613529411764706,17.531176470588235,15.849411764705883,5.386470588235294,0.5670588235294117,8.25529411764706,5.474117647058824,2.504117647058823,-4.620588235294117
2016-05-01,47.0664705882353,91.9264705882353,33.35058823529411,27.744117647058818,NA,74.27588235294118,71.77235294117648,8.718235294117646,1.1682352941176473,69.23882352941176,30.76117647058824,454.36357058823535,13.053529411764703,67.85411764705883,86.31176470588235,185.23764705882354,1.5270588235294118,1.7729411764705885,21.125882352941172,3.3429411764705885,1.0988235294117648,11.587647058823528,9.474117647058824,18.069411764705883,16.935294117647057,5.9535294117647055,0.5835294117647059,8.425294117647057,5.51,2.506470588235294,-4.6258823529411766
2016-06-01,44.962941176470586,92.58529411764705,31.803529411764703,26.739411764705885,NA,73.95529411764704,71.7564705882353,8.925882352941178,1.1852941176470588,68.9235294117647,31.076470588235292,457.8942176470588,12.195882352941176,68.90235294117647,87.2529411764706,172.04529411764707,1.572941176470588,1.6135294117647059,17.404705882352943,3.300588235294118,1.0758823529411765,11.659411764705883,9.560588235294114,16.80941176470588,15.464705882352943,4.824705882352942,0.6564705882352941,9.159999999999998,5.604117647058824,2.4958823529411767,-4.631764705882353
2016-07-01,43.05176470588236,90.22647058823527,31.351764705882353,26.14705882352941,NA,73.83470588235295,71.84764705882354,8.43470588235294,1.1658823529411764,68.78,31.22,455.2460117647059,11.861764705882353,69.48411764705882,87.23823529411764,174.65882352941176,1.5835294117647059,1.7264705882352938,18.11117647058823,3.315882352941177,1.0911764705882354,11.984117647058824,9.815882352941175,16.824117647058824,16.87470588235294,5.904117647058824,0.6688235294117646,9.106470588235293,5.631176470588236,2.5099999999999993,-4.645882352941176
2016-08-01,52.48235294117647,98.21352941176471,32.04058823529412,26.50823529411765,NA,74.6964705882353,72.77529411764705,7.814117647058824,1.1817647058823528,66.00647058823529,33.99352941176471,480.58348235294113,12.967647058823532,69.01294117647058,86.56411764705882,173.94117647058826,1.6411764705882355,1.734705882352941,18.143529411764707,3.33764705882353,1.0776470588235294,11.860588235294117,9.712941176470588,16.879411764705882,16.67764705882353,5.830588235294117,0.7123529411764705,9.65235294117647,5.701176470588234,2.5152941176470587,-4.644117647058824
2016-09-01,52.89705882352941,103.83470588235292,32.53705882352941,27.13117647058823,NA,74.35764705882355,72.55117647058825,8.42705882352941,1.21,66.22764705882352,33.77235294117648,476.40630588235285,13.068823529411766,68.31941176470589,86.56470588235297,172.5964705882353,1.7064705882352937,1.6458823529411766,17.24941176470588,3.2929411764705883,1.0711764705882352,11.640588235294118,9.590000000000002,16.671176470588236,15.717058823529412,5.221176470588235,0.7564705882352941,10.128235294117648,5.70235294117647,2.485294117647059,-4.6000000000000005
2016-10-01,41.36705882352941,88.01941176470588,31.435882352941174,26.15294117647059,NA,74.73882352941175,72.59882352941176,7.59470588235294,1.214705882352941,66.70470588235293,33.29529411764705,452.08215294117645,12.229411764705883,69.28941176470589,87.12294117647059,165.8870588235294,1.7605882352941176,1.6858823529411766,16.941764705882356,3.331764705882353,1.1094117647058823,11.961176470588233,9.87764705882353,16.551764705882352,16.077058823529413,5.232941176470588,0.7958823529411766,10.568235294117647,5.753529411764705,2.518235294117648,-4.582941176470587
2016-11-01,41.51529411764705,86.79823529411765,31.616470588235295,25.81117647058824,NA,74.49882352941177,72.34588235294119,7.319411764705882,1.2770588235294118,66.96117647058824,33.038823529411765,452.8616823529412,12.074705882352943,69.55882352941177,87.19470588235292,165.23999999999998,1.7776470588235294,1.7452941176470587,14.581176470588233,3.3088235294117645,1.1052941176470588,12.432941176470587,10.082352941176472,16.722941176470588,16.72705882352941,5.843529411764705,0.815294117647059,10.764705882352942,5.764117647058824,2.5276470588235296,-4.562941176470589
2016-12-01,42.332352941176474,84.20235294117647,30.625882352941176,25.408235294117645,NA,74.41352941176469,72.71470588235296,7.3864705882352935,1.3664705882352939,65.9135294117647,34.086470588235294,460.2709647058823,12.45764705882353,69.84235294117647,86.85176470588237,167.26117647058823,1.8647058823529414,1.516470588235294,13.292352941176471,3.105294117647059,1.0141176470588233,12.439411764705884,10.21470588235294,16.894117647058824,13.958823529411765,4.6635294117647055,0.9558823529411765,12.648823529411763,5.912352941176471,2.5264705882352945,-4.422941176470588
2017-01-01,40.80117647058824,82.65941176470587,30.277647058823533,24.936470588235295,NA,74.48823529411763,72.87823529411764,6.993529411764706,1.3976470588235292,66.39823529411765,33.60176470588235,384.7793117647058,11.544705882352943,70.34176470588237,87.4929411764706,158.0082352941176,1.8929411764705881,1.6123529411764708,13.722352941176469,3.1629411764705884,1.0629411764705883,12.613529411764707,10.316470588235294,16.92529411764706,15.099411764705883,5.237647058823529,0.746075077216112,9.24158986701616,5.697968467289107,2.539820626440861,-4.541996676481134
2017-02-01,38.775,81.70124999999999,30.561875,25.15875,NA,74.20562500000001,72.42625000000001,7.162499999999999,1.481875,66.20937500000001,33.790625,395.31460625,11.223125,70.124375,87.54500000000002,167.02124999999998,1.894375,1.8306250000000002,15.094375000000001,3.1812500000000004,1.0512499999999998,12.453125,10.102500000000001,17.01,18.652499999999996,7.7006250000000005,0.57375,7.617500000000001,5.324375,2.398125,-4.418749999999999
2017-03-01,32.285,76.54124999999999,29.416249999999998,24.365625,NA,74.13625,72.18062499999999,7.746250000000001,1.5124999999999997,67.00874999999999,32.99125000000001,403.1192875,9.7,70.88937499999999,88.84812500000002,151.744375,1.9143750000000002,1.713125,14.86625,3.1956249999999997,1.0643750000000003,11.995,9.932500000000001,16.718749999999996,17.570625000000003,6.490625000000001,0.63125,8.894375,5.393125000000001,2.43375,-4.421250000000001
2017-04-01,34.99187499999999,80.73875,28.851249999999993,23.90875,NA,73.14999999999999,71.373125,8.606250000000001,1.526875,65.80874999999999,34.191250000000004,364.18430625,9.3725,71.88000000000001,89.158125,144.85812499999997,1.95,1.723125,14.593125,3.2112499999999997,1.1275,12.129999999999999,9.993125000000001,16.898124999999997,17.974375000000002,6.509375,0.635625,8.738125000000002,5.40125,2.4399999999999995,-4.42625
2017-05-01,36.35375,76.061875,27.500624999999992,22.537499999999998,NA,73.99937500000001,72.04,8.0725,1.509375,67.145,32.855,386.4101625,10.3675,71.9675,88.29687499999999,153.05124999999998,1.9456250000000002,1.803125,15.476875000000001,3.239375,1.1568749999999999,12.190624999999999,10.043125,17.11625,18.993125,7.061250000000001,0.6337500000000001,8.855625000000002,5.464375,2.486875,-4.4775
2017-06-01,41.470625,81.93624999999999,27.913125,23.166249999999998,NA,73.24062499999998,71.21124999999999,8.909374999999999,1.473125,66.080625,33.919374999999995,403.51865625,11.035625,71.65625,87.810625,163.34562500000004,1.9475,1.6662499999999998,14.561875,3.164375,1.1075000000000002,12.14125,9.928749999999999,16.788125,17.416249999999998,6.213125000000001,0.6925,9.859375000000002,5.541875,2.488125,-4.45625
2017-07-01,39.481875,80.155625,27.481250000000003,23.063750000000002,NA,73.295,71.1225,9.188125,1.459375,66.55624999999999,33.44375,393.07595,10.713125000000002,71.7575,87.96,160.93812499999999,1.9237500000000003,1.8412499999999998,17.216874999999998,3.251874999999999,1.1425,11.790624999999997,9.761875,16.479374999999997,19.428125,7.68125,0.63125,8.819374999999999,5.471875,2.53125,-4.44125
2017-08-01,39.985,81.34187499999999,27.646249999999995,23.146875000000005,NA,73.56875,71.505625,9.075624999999999,1.4493749999999999,66.435625,33.564375,420.66369999999995,10.83625,71.69187500000001,87.81375,165.860625,1.955625,1.971875,17.071875000000002,3.3106250000000004,1.1481249999999998,11.738124999999998,9.666875000000001,16.333125,21.5625,8.653125000000001,0.5912499999999998,8.240625000000003,5.420625000000001,2.5637499999999998,-4.4312499999999995
2017-09-01,40.50749999999999,88.414375,28.10749999999999,23.781249999999996,NA,72.75875,70.4925,9.934375000000001,1.42,65.870625,34.129374999999996,409.85241874999997,10.85875,70.85437499999999,87.73375,170.10749999999993,2.0874999999999995,1.8575,16.35,3.3181249999999998,1.1975000000000002,11.604375,9.5525,16.04625,19.614375,6.905624999999999,0.6037499999999999,8.679999999999998,5.385,2.575,-4.39375
2017-10-01,49.375625,93.34000000000002,28.301874999999995,23.980000000000004,NA,73.204375,71.02812499999999,9.708124999999999,1.3531250000000001,65.72125,34.27875000000001,367.09535625000007,11.566250000000002,70.7225,87.293125,174.3675,2.0949999999999998,1.8262499999999995,15.403749999999999,3.3281250000000004,1.2274999999999998,11.625625,9.56,16.090625000000003,18.886249999999997,6.445625,0.651875,9.3725,5.424375,2.6162499999999995,-4.378749999999999
2017-11-01,42.22625,84.70812500000001,27.776250000000005,23.723125,NA,73.495,71.48875,9.418125,1.335,66.05125,33.948750000000004,371,11.232499999999998,71.17312500000001,87.489375,176.879375,2.146875,1.8187499999999999,16.323749999999997,3.3087500000000003,1.19625,11.555625,9.5025,16.0225,19.158125000000002,6.817500000000001,0.6875,9.905624999999999,5.43875,2.6556249999999997,-4.359375
2017-12-01,43.958749999999995,97.45187499999999,28.643124999999998,24.310000000000002,NA,72.82,70.906875,9.846874999999999,1.3606249999999998,64.55749999999999,35.4425,368.83448749999997,11.325000000000001,70.29875,87.19624999999999,182.581875,2.2199999999999998,1.6243750000000001,14.078125000000002,3.2199999999999998,1.13,11.751874999999998,9.731875,16.095625,16.665625000000002,5.614375000000001,0.78625,11.107500000000002,5.50125,2.6725000000000003,-4.1831249999999995
2018-01-01,48.615624999999994,106.22937500000002,28.812500000000004,24.177499999999995,NA,73.470625,71.56625,8.90625,1.360625,69.463125,30.536875000000006,904.0246,11.130624999999997,71.051875,87.175625000000025,181.38374999999994,2.270625,1.8093749999999997,14.419374999999999,3.2887499999999994,1.1743750000000002,11.931875,10.025625,16.836875,18.878125,7.053750000000001,0.7587499999999999,10.074375,5.370625,3.046875,-4.12125
2018-02-01,43.445625,89.05749999999999,28.706875,24.086249999999996,NA,73.81312499999999,72.006875,8.673125000000002,1.36,69.745625,30.254374999999996,902.05114375,11.136249999999999,71.09187499999999,87.11500000000001,182.00375000000003,2.400625,2.003125,15.26125,3.3181250000000007,1.203125,11.77875,9.9625,16.997500000000006,21.136874999999996,8.8375,0.5862499999999999,7.795625000000001,5.045,2.911875,-4.125000000000001
2018-03-01,42.7425,91.676875,28.394375000000004,24.031249999999996,NA,73.46312500000002,71.568125,9.218125,1.3475,69.675,30.325000000000003,903.3030625000001,10.83625,71.24937499999999,87.23250000000002,180.91437500000004,2.428125,1.946875,15.11875,3.31625,1.1706249999999998,11.584375000000001,9.887500000000001,16.596249999999998,20.469375,8.3725,0.6506249999999999,9.076875,5.115,2.95125,-4.133125000000001
2018-04-01,42.150625,89.365,28.050625,23.47875,NA,73.41562499999999,71.73749999999998,10.023125,1.325,69.095625,30.904374999999998,902.5527750000001,10.422499999999998,71.78187499999999,87.54062499999999,170.63625000000002,2.4537500000000003,2.0175,15.376874999999998,3.354375,1.221875,11.43,9.804375,17.899374999999996,21.47875,8.84375,0.5968750000000002,8.47375,5.0912500000000005,2.9681249999999997,-4.15625
2018-05-01,45.28625,86.265625,27.335000000000004,22.9175,NA,72.791875,71.014375,10.696250000000001,1.27,69.52437499999999,30.475625,904.1407812500001,11.253124999999999,70.986875,86.87,181.5,2.5174999999999996,1.9475000000000002,15.512500000000001,3.3493749999999998,1.259375,11.44625,9.815000000000001,17.9825,20.923750000000005,8.083124999999999,0.5856250000000001,8.295,5.052499999999999,2.995625,-4.143125
2018-06-01,48.630625,93.09312499999999,26.970625,22.869374999999994,NA,72.854375,70.995,10.889999999999999,1.2506249999999999,69.95,30.049999999999997,911.1969250000001,11.436875000000002,70.98187500000002,86.79625,184.9225,2.5606250000000004,1.8199999999999998,13.798749999999998,3.2749999999999995,1.260625,11.181249999999999,9.693750000000001,17.23125,19.343124999999997,7.1781250000000005,0.65625,9.375,5.12875,2.9968749999999997,-4.151249999999999
2018-07-01,45.341874999999995,88.809375,25.699374999999996,21.766875,NA,73.06937500000001,71.3075,10.399375000000003,1.3306249999999997,69.739375,30.260625,915.7288875,10.548124999999999,72.08875,87.49125,174.305,2.7006250000000005,1.9343749999999997,13.915624999999997,3.2906250000000004,1.264375,11.42125,9.849375,17.349999999999998,20.611875,8.301874999999999,0.6506249999999999,9.120625000000002,5.135625,3.05625,-4.17875
2018-08-01,44.51062499999999,84.03937499999999,26.07625,22.063125,NA,72.65625,70.81875,11.139375,1.326875,69.755,30.245,918.7255062499999,10.853750000000002,71.8375,87.27312500000001,172.87875000000003,2.7818750000000003,1.9456249999999997,14.556249999999999,3.3081250000000004,1.25875,11.138124999999999,9.675625,17.536875,20.811875,8.225000000000001,0.646875,9.060000000000002,5.124375000000001,3.059375,-4.169375
2018-09-01,47.375625,91.821875,25.028125,21.010625,NA,72.053125,70.17437500000001,11.05875,1.33125,69.560625,30.439375000000005,923.2104562500002,10.063125,73.005,87.928125,166.05375000000004,2.7843750000000007,1.88625,14.538124999999999,3.283125,1.218125,11.6475,10.095624999999998,17.750624999999996,20.255000000000003,7.871250000000001,0.6543749999999999,9.02625,5.1381250000000005,3.089375,-4.1825
2018-10-01,41.926875,81.026875,24.738125,20.938125,NA,72.24249999999999,70.00562500000001,11.164375000000001,1.323125,69.734375,30.265625,924.6684124999998,10.030000000000001,73.080625,87.93187499999999,166.61,2.8125,1.92875,14.306874999999998,3.2787499999999996,1.2481250000000002,11.448749999999999,9.990625,17.3625,20.7375,8.254375000000001,0.640625,8.79,5.1743749999999995,3.1056249999999994,-4.22875
2018-11-01,55.189375,130.7275,25.671250000000004,21.488125,NA,71.58187500000001,69.20875000000001,11.745624999999999,1.3175,70.069375,29.930625,923.4971249999998,9.538124999999999,72.84437500000001,88.48312500000002,156.54375000000002,2.8225,1.8875,13.458125000000003,3.26875,1.243125,11.412500000000001,9.9225,17.550625,20.471249999999998,7.989999999999999,0.65625,8.793124999999998,5.200625,3.1125,-4.230625000000001
2018-12-01,43.48625,84.13562499999999,25.20375,21.291874999999997,NA,72.06562500000001,69.71,11.202499999999999,1.2924999999999998,69.09,30.910000000000004,922.9232312499998,10.385625,72.99937499999999,82.1375,169.594375,2.963749999999999,1.594375,11.289375,3.099375,1.126875,11.581875,9.873750000000001,17.20375,15.532499999999997,6.133124999999999,0.729375,9.982499999999998,5.291874999999999,3.1237500000000002,-4.135625
2019-01-01,45.565000000000005,85.77125,24.268124999999998,20.589374999999997,NA,71.83125000000001,69.42125,11.540000000000001,1.2793750000000002,69.37187499999999,30.628125,935.309875,9.857499999999998,73.67312500000001,88.19437500000001,159.296875,3.0237500000000006,1.7425,10.55,3.1337499999999996,1.170625,11.481250000000001,9.889375000000001,17.083125000000003,18.274375,7.018750000000001,0.6712499999999999,9.756249999999998,5.302499999999999,3.2843749999999994,-4.178125
2019-02-01,40.40625,78.25125000000001,24.059375,20.310624999999998,47.198125000000005,71.54437499999999,68.22125000000001,11.379375,1.2650000000000001,68.72312500000001,31.276874999999997,937.53835,9.457499999999998,73.930625,88.420625,163.02,3.0181250000000004,1.9531249999999998,12.660625000000001,3.1699999999999995,1.175,11.819374999999999,10.103750000000002,17.220000000000002,20.861250000000002,9.085625000000002,0.46375,7.410624999999999,4.9087499999999995,3.14875,-4.090625
2019-03-01,38.17750000000001,79.92062499999999,22.651250000000005,19.387500000000003,NA,71.46187499999999,67.404375,11.275624999999998,1.3049999999999997,68.57,31.43,952.4993874999999,8.498125000000002,74.956875000000025,89.24624999999999,155.09375,3.03125,1.9062500000000002,12.864374999999997,3.1918750000000005,1.1600000000000001,11.853124999999997,10.160625000000001,16.943125,20.538125,8.553125000000001,0.455625,7.382499999999999,4.925624999999999,3.198125,-4.114375
2019-04-01,45.0625,88.98249999999999,21.858125000000005,18.334999999999994,43.00750000000001,70.721875,66.645,12.11375,1.3025,68.053125,31.946875,951.5054249999998,9.3875,74.82187500000002,88.37625000000003,162.455,3.03375,1.970625,12.558125000000002,3.243125,1.2049999999999998,11.866875,10.101875,17.404374999999998,21.262500000000003,8.940624999999999,0.45687500000000003,7.152500000000001,4.9174999999999995,3.1843749999999997,-4.1225000000000005
2019-05-01,51.415625,111.54937500000001,22.694375,18.995624999999997,44.96937500000001,71.07124999999999,66.87312499999999,12.119375,1.27125,68.35624999999999,31.643750000000004,948.80215625,9.751875000000002,74.09375,88.19000000000001,167.02562500000002,3.0231250000000003,1.8856249999999999,12.131249999999998,3.2231250000000005,1.185625,11.855624999999998,10.058124999999999,17.413124999999997,20.193125000000002,8.348125000000001,0.5325,8.084999999999999,5.019375,3.1962499999999996,-4.12
2019-06-01,70.54875,129.764375,24.932499999999997,20.254375000000003,NA,70.811875,66.29874999999998,12.12375,1.2468750000000002,68.44187500000001,31.558125,949.2219499999999,10.891249999999998,72.80624999999999,87.20500000000001,174.27125,3.0625,1.9531250000000002,13.680625,3.22875,1.169375,12.031249999999998,10.218125,18.518125,20.8725,8.923124999999999,0.550625,8.086875000000001,5.028125,3.209375,-4.1025
2019-07-01,47.30875,124.56562499999998,26.071875000000002,20.3625,NA,70.69875,66.43375,12.013124999999999,1.216875,67.69312500000001,32.306875,949.58545625,9.4025,72.716875,88.55875,161.69187500000004,3.188125,1.964375,13.063749999999999,3.279375,1.2356250000000002,12.450000000000001,10.41,18.544374999999995,21.012500000000003,8.816250000000002,0.5599999999999998,8.0175,5.055625000000001,3.24125,-4.1137500000000005
2019-08-01,66.83,157.26375,26.270625000000003,20.819999999999993,NA,70.45750000000001,66.2425,12.2025,1.196875,68.575625,31.424375,955.6748375,10.663125,72.245,87.41562499999999,166.911875,3.2849999999999997,2.0362500000000003,14.415,3.3025000000000007,1.27375,12.44625,10.531875,18.629374999999996,21.809374999999996,9.15375,0.56875,8.227499999999997,5.040625,3.247499999999999,-4.08375
2019-09-01,66.62,177.273125,27.746874999999996,21.199375000000003,NA,70.21249999999999,66.0075,11.839999999999998,1.2106250000000003,68.1625,31.837499999999995,955.0924,10.755624999999997,71.975625,87.1925,164.47875000000005,3.2493749999999997,2.031875,14.38125,3.2975,1.285,12.954375000000002,11.185625,19.205625,21.463124999999998,9.188125,0.640625,8.71625,5.153125,3.265625,-4.115625
2019-10-01,87.17937499999998,245.551875,27.4575,20.50375,NA,69.970625,65.58374999999998,11.571875,1.2256249999999997,69.244375,30.755625,949.3526374999999,9.9125,72.853125,87.80687499999999,159.79375,3.2149999999999994,2.321875,14.694375,3.3718749999999993,1.3225,13.458125,11.45,19.42875,24.189999999999998,11.068125000000002,0.6250000000000001,8.32375,5.1724999999999985,3.3137499999999998,-4.1450000000000005
2019-11-01,161.338125,339.835625,29.940624999999997,21.366874999999997,NA,68.730625,64.208125,12.381250000000001,1.274375,69.783125,30.216874999999998,948.529175,11.014999999999999,71.88250000000001,86.80000000000001,161.9325,4.034375000000001,2.3425000000000002,13.223749999999999,3.4274999999999998,1.3450000000000002,13.620000000000001,11.860000000000003,22.363124999999997,25.54,11.695625,0.615,7.99875,5.1875,3.316875,-4.13
2019-12-01,187.175,232.791875,37.690625000000004,22.329375,NA,69.680625,65.24374999999999,10.779374999999998,1.240625,68.96937499999999,31.030624999999997,948.61384375,13.589375,70.93999999999998,83.81749999999998,165.50875,4.953125,2.7249999999999996,10.681249999999999,3.3537500000000002,1.3299999999999998,14.35625,13.580625,31.779999999999998,21.038124999999997,8.746249999999998,0.66,8.91625,5.261875,3.350625,-4.0024999999999995
2020-01-01,35.92666666666666,64.92133333333334,23.15533333333333,19.32466666666667,NA,71.27600000000001,66.61066666666665,12.845333333333336,1.2853333333333334,65.64666666666666,34.353333333333325,949.6571199999997,10.360000000000001,73.35133333333333,87.03666666666665,169.27066666666673,5.525333333333333,2.248666666666667,12.431333333333333,3.6319999999999997,1.4986666666666664,10.466666666666665,9.66,16.584666666666667,23.46333333333333,9.898666666666665,0.6973333333333332,9.904666666666666,5.293333333333333,3.4366666666666665,-4.141333333333334
2020-02-01,35.855333333333334,65.95266666666666,23.907333333333337,19.935333333333336,NA,71.42333333333333,66.29533333333333,12.807333333333332,1.2659999999999998,66.13066666666667,33.86933333333333,949.1221199999999,10.623333333333333,72.51133333333334,86.532,177.55600000000004,5.5040000000000004,2.5606666666666666,15.068000000000003,3.6766666666666667,1.5239999999999998,10.249333333333336,9.47,16.792666666666666,27.58866666666667,12.841333333333333,0.5373333333333332,7.08,5.004666666666666,3.3393333333333337,-4.050666666666666
2020-03-01,41.26733333333333,71.37933333333335,25.50066666666667,21.457333333333334,NA,71.75533333333333,66.66466666666666,12.845333333333334,1.238,66.60466666666667,33.39533333333334,936.2092600000002,12.288666666666668,71.16666666666667,84.99,203.53266666666664,5.537999999999999,2.6326666666666663,16.511333333333337,3.8040000000000003,1.5953333333333333,10.100666666666665,9.354666666666667,16.928666666666665,29.044666666666668,13.052666666666665,0.25800000000000006,3.5366666666666666,4.7620000000000005,3.368666666666667,-4.065333333333333
2020-04-01,37.24333333333333,66.218,24.03266666666667,20.788,NA,72.30466666666666,67.11266666666668,12.701333333333332,1.2100000000000002,66.03933333333333,33.96066666666667,931.8670133333333,11.581999999999999,71.43066666666667,85.21266666666665,207.85533333333333,5.517333333333334,2.3673333333333337,14.937999999999999,3.85,1.8013333333333335,9.831333333333335,9.158000000000003,16.308,26.536666666666665,10.111333333333334,0.2279999999999999,3.287333333333333,4.701999999999999,3.3846666666666665,-4.029333333333333
2020-05-01,35.674,65.03333333333335,23.566,20.395333333333326,NA,71.71,66.77066666666667,13.107999999999999,1.1946666666666665,65.66333333333334,34.33666666666667,930.75456,10.992666666666667,71.99733333333333,85.31066666666665,206.46400000000003,5.479333333333333,2.3000000000000003,13.838666666666665,3.848,1.8173333333333332,9.764,9.107333333333333,16.081333333333337,25.68866666666667,9.541333333333334,0.26733333333333337,4.024,4.748666666666666,3.4260000000000006,-4.008
2020-06-01,35.55666666666666,64.63533333333334,23.45533333333334,20.085333333333327,NA,71.89066666666668,66.9,13.15,1.1753333333333333,65.71333333333335,34.28666666666666,923.7743733333334,10.953333333333337,72.13133333333333,85.13333333333334,204.91133333333335,5.685333333333333,2.2673333333333336,10.8,3.955333333333333,1.794,9.841333333333331,9.192666666666666,16.340666666666667,24.961333333333336,9.217999999999998,0.29666666666666663,4.451333333333333,4.6693333333333324,3.4440000000000004,-3.899333333333333
2020-07-01,34.74400000000001,60.92733333333333,22.136000000000003,18.970000000000006,NA,71.488,66.62133333333333,13.674000000000001,1.148,65.89400000000002,34.106,920.8448533333333,10.679333333333334,72.07333333333334,85.11066666666667,204.98199999999997,5.9060000000000015,2.3453333333333335,10.867333333333335,4.0166666666666675,1.7866666666666666,9.741999999999999,9.074666666666666,16.456,25.719999999999988,9.994666666666665,0.30066666666666664,4.541333333333333,4.648666666666667,3.456,-3.8846666666666665
2020-08-01,36.931333333333335,62.37866666666667,22.503333333333334,19.175333333333338,NA,70.846,65.95,14.199333333333334,1.094,65.71200000000002,34.288000000000004,927.2215933333334,11.076666666666664,71.53066666666668,84.41533333333332,213.71599999999995,5.955333333333333,2.3473333333333333,10.315999999999999,4.107333333333333,1.8093333333333335,9.755999999999998,9.076666666666664,16.791999999999998,25.645333333333333,10.018666666666668,0.2893333333333334,4.478000000000001,4.594666666666667,3.4646666666666666,-3.8266666666666675
2020-09-01,36.892,62.61933333333333,23.194000000000003,19.904,42.87133333333333,70.81466666666665,65.66866666666667,14.479999999999999,1.0680000000000003,66.08866666666668,33.91133333333333,925.4848933333332,11.673333333333334,70.80999999999999,83.73466666666667,219.9806666666667,5.9799999999999995,2.1639999999999997,9.851333333333333,4.1773333333333325,1.805333333333333,9.421999999999999,8.848666666666668,16.88066666666667,23.381333333333334,8.083333333333334,0.28400000000000003,4.557333333333334,4.569999999999999,3.460666666666667,-3.786
2020-10-01,36.70399999999999,63.47933333333334,23.374000000000002,19.672666666666665,NA,69.99,64.98733333333334,14.772,1.1926666666666668,65.99933333333334,34.00066666666667,924.5784,11.135333333333332,71.56533333333336,83.88533333333334,220.292,5.877333333333334,2.1333333333333333,10.082666666666665,4.1819999999999995,1.812,9.626666666666667,9.016,16.988,22.955333333333332,7.771333333333333,0.2686666666666666,4.458,4.585333333333334,3.4926666666666657,-3.799333333333333
2020-11-01,36.64933333333333,62.92066666666666,23.447333333333333,19.544666666666668,NA,70.01666666666667,64.878,14.870666666666665,1.1806666666666668,66.16066666666667,33.839333333333336,924.7064133333334,11.256,71.62266666666667,83.42933333333332,218.30133333333336,5.891333333333334,2.093333333333333,9.487333333333336,4.196666666666667,1.7979999999999998,9.606666666666667,9.011333333333335,17.540000000000006,22.134,7.534000000000001,0.28,4.743333333333334,4.601333333333334,3.496666666666667,-3.7779999999999996
2020-12-01,40.438,67.01133333333333,24.644666666666673,20.73,NA,69.88266666666667,64.66133333333335,15.378666666666668,1.1480000000000001,65.21533333333333,34.784666666666666,919.1517533333333,12.353333333333332,70.35533333333333,82.30866666666665,239.76066666666665,6.331333333333333,1.9540000000000002,8.001999999999999,4.169999999999999,1.7426666666666668,9.348666666666668,8.737333333333332,17.53933333333333,20.490000000000002,6.592666666666665,0.1753333333333333,3.4706666666666663,4.290666666666667,3.4846666666666666,-3.585333333333333
2021-01-01,43.096666666666664,70.35733333333333,25.714,21.627333333333333,NA,70.00933333333334,65.32266666666666,15.26666666666667,1.142666666666667,65.562,34.437999999999995,915.2616600000001,13.038666666666668,69.27066666666666,81.57799999999999,241.58466666666664,6.692666666666667,2.0193333333333334,7.526,4.247333333333334,1.7466666666666668,9.256666666666668,8.680666666666665,18.301333333333332,20.72533333333333,6.923333333333333,0.25466666666666665,4.491333333333333,4.207333333333334,3.6599999999999997,-3.569333333333334
2021-02-01,43.00533333333335,70.99733333333333,25.758666666666667,21.746666666666666,NA,69.70666666666666,65.27799999999999,15.584666666666665,1.1293333333333335,65.17133333333332,34.82866666666667,909.77054,12.901333333333332,69.17866666666667,81.52399999999999,248.73933333333332,7.216666666666667,2.3553333333333333,8.46,4.283333333333334,1.7246666666666666,9.354000000000001,8.716666666666665,17.430000000000003,23.95466666666666,9.808,0.047333333333333324,2.9473333333333334,3.8466666666666667,3.4986666666666664,-3.5140000000000007
2021-03-01,43.21266666666667,71.37533333333334,25.538,21.570666666666668,NA,69.52533333333334,65.02199999999999,15.723999999999998,1.0853333333333333,64.85600000000002,35.144,905.0398933333332,12.764666666666669,69.20866666666667,81.62866666666666,251.90466666666669,8.354666666666667,2.4106666666666663,7.3806666666666665,4.321333333333333,1.7093333333333334,9.486666666666668,8.809333333333335,17.54866666666667,23.149333333333335,9.000666666666667,0.07999999999999999,3.3806666666666674,3.8793333333333333,3.564666666666667,-3.5513333333333335
2021-04-01,39.99666666666667,68.36533333333334,25.032666666666668,20.844000000000005,NA,69.74733333333333,65.45933333333333,15.545999999999998,1.0686666666666664,64.084,35.916000000000004,901.2159133333333,11.925333333333333,69.40733333333333,82.34666666666666,240.1653333333333,10.880666666666666,2.246666666666667,5.886000000000001,4.311333333333334,1.758,9.672666666666665,8.938,17.990000000000002,22.917333333333332,8.539333333333332,0.013999999999999993,2.77,3.8259999999999996,3.5566666666666666,-3.5546666666666673
2021-05-01,39.199333333333335,67.98933333333333,24.215333333333334,20.402,NA,69.70866666666667,65.33533333333334,15.842,1.034,61.70666666666668,38.29333333333333,898.2654666666665,11.462666666666667,69.61466666666666,82.67799999999998,237.92933333333332,13.038000000000002,2.3,5.367333333333333,4.287999999999999,1.8126666666666664,9.562000000000001,8.863333333333333,17.412666666666667,23.59733333333333,8.957333333333334,0.01933333333333332,2.794,3.8406666666666665,3.5686666666666667,-3.555333333333333
2021-06-01,40.16933333333334,68.54666666666667,24.486000000000004,20.734666666666666,NA,69.65066666666667,65.31733333333332,15.962000000000002,1.0119999999999998,60.964666666666666,39.03533333333334,896.5261666666668,11.863999999999997,69.39599999999999,82.45333333333333,241.32666666666665,14.85933333333333,2.2093333333333334,4.731999999999999,4.265333333333333,1.7579999999999998,9.528,8.686666666666667,16.263333333333332,21.884,8.178666666666667,0.09600000000000004,4.097333333333332,3.908666666666667,3.5606666666666666,-3.546666666666667
2021-07-01,39.65333333333333,68.54733333333334,24.311999999999998,20.801333333333336,NA,69.77933333333334,65.31533333333333,15.93,0.99,61.08266666666666,38.91733333333334,894.7411599999999,11.788666666666666,69.414,82.49333333333334,240.8153333333333,16.58866666666667,2.212666666666667,4.287333333333334,4.256000000000001,1.7346666666666668,9.444666666666667,8.620000000000001,16.390666666666668,21.932000000000002,8.379333333333333,0.14466666666666667,4.4206666666666665,3.9646666666666666,3.5693333333333332,-3.5340000000000003
2021-08-01,38.68266666666667,67.69933333333333,24.52333333333333,21.07666666666666,NA,70.10333333333332,65.59333333333332,15.740666666666668,0.9520000000000001,61.28466666666667,38.71533333333333,893.4347866666666,11.887333333333334,69.39933333333332,82.39000000000001,245.71866666666665,17.852666666666664,2.161333333333333,3.9306666666666668,4.228,1.7146666666666666,9.394666666666666,8.617999999999999,16.259999999999998,21.506666666666668,8.066666666666666,0.18933333333333333,4.620666666666667,4.0280000000000005,3.5866666666666664,-3.5386666666666664
2021-09-01,37.949999999999996,66.61933333333334,24.479333333333333,20.941333333333333,NA,70.39733333333334,65.624,15.298000000000002,0.93,61.358666666666664,38.641333333333336,893.4782466666668,11.793333333333333,69.47666666666667,82.44333333333333,245.39866666666666,18.880666666666674,2.111333333333333,3.55,4.184,1.6766666666666665,9.438,8.641999999999998,16.307333333333336,21.135333333333335,7.964,0.212,4.832666666666667,4.069333333333334,3.584,-3.52
2021-10-01,35.84133333333333,64.11666666666667,23.780000000000005,20.347333333333328,NA,70.20266666666667,65.44666666666666,15.37066666666667,0.9520000000000001,61.34333333333335,38.656666666666666,886.8683733333331,11.332666666666666,70.02866666666665,82.79666666666667,236.44666666666666,19.622666666666667,2.0646666666666667,3.2673333333333336,4.138,1.6786666666666663,9.436666666666667,8.649333333333335,15.82933333333333,20.672,7.8839999999999995,0.24399999999999997,5.086000000000001,4.1226666666666665,3.602,-3.534
2021-11-01,35.25733333333334,64.05266666666667,23.490666666666673,20.164,NA,70.01133333333334,65.29799999999999,15.448666666666664,0.9353333333333335,63.97333333333333,36.02666666666667,886.6177200000001,10.948666666666666,70.20933333333333,83.16533333333334,232.5726666666666,20.196666666666665,2.032,3.2153333333333336,4.0920000000000005,1.6706666666666665,9.509999999999998,8.696666666666665,15.645333333333332,20.282,7.771333333333334,0.2673333333333333,5.439333333333334,4.133333333333334,3.582,-3.498666666666667
2021-12-01,35.439333333333344,63.28399999999999,23.375333333333337,20.231333333333332,NA,70.25733333333332,65.70333333333333,15.274666666666665,0.9333333333333333,63.420666666666676,36.57933333333334,886.3975399999999,11.313999999999998,70.03199999999998,82.72733333333332,241.802,20.827333333333335,1.9806666666666666,3.316666666666667,4.053333333333334,1.6793333333333331,9.517333333333333,8.719333333333333,15.318666666666669,18.904,7.225333333333333,0.3606666666666667,6.6386666666666665,4.202666666666667,3.5759999999999996,-3.4066666666666667
2022-01-01,34.18266666666667,61.36466666666667,22.705333333333332,19.58466666666667,NA,70.608,65.95466666666665,14.901333333333332,0.9326666666666668,63.88066666666667,36.11933333333333,883.7823266666668,10.868666666666664,70.22533333333334,83.04133333333333,237.17933333333332,21.086666666666666,2.0833333333333335,3.426,4.055333333333333,1.7073333333333338,9.533333333333333,8.720666666666666,15.581999999999999,20.038000000000004,8.041333333333332,0.5513333333333333,7.2926666666666655,4.5473333333333334,3.6493333333333333,-3.4973333333333327
2022-02-01,34.75333333333334,63.919333333333334,23.414,20.122,NA,70.12066666666666,65.556,15.148,0.9819999999999998,63.73466666666666,36.26533333333334,883.7597666666668,10.875333333333334,69.84066666666666,83.02733333333335,238.54866666666663,21.050666666666668,2.228666666666667,4.004,4.066666666666666,1.7246666666666668,9.552000000000001,8.728,15.505333333333333,21.691333333333336,9.365333333333334,0.38600000000000007,5.201333333333334,4.284666666666667,3.4833333333333325,-3.4366666666666674
2022-03-01,35.032000000000004,63.395999999999994,23.360666666666667,20.000666666666667,NA,69.734,65.18333333333335,15.730666666666668,1.0006666666666668,63.46133333333333,36.538666666666664,882.7990866666667,10.981333333333335,69.62733333333333,82.76,240.93866666666665,21.073333333333334,2.273333333333334,4.173333333333333,4.1,1.751333333333333,9.5,8.872666666666667,15.770666666666667,22.564666666666664,9.914666666666667,0.3186666666666667,4.059333333333333,4.2026666666666666,3.537333333333333,-3.460666666666667
2022-04-01,33.646,62.89533333333332,23.095333333333333,19.679333333333336,NA,69.576,65.47533333333332,15.870000000000001,0.9913333333333333,62.545333333333325,37.45466666666667,887.32886,10.450666666666665,69.89266666666667,83.296,231.36399999999998,20.84333333333333,2.3393333333333337,4.5393333333333334,4.061333333333334,1.7706666666666666,9.445333333333334,8.821333333333333,16.808,23.781333333333336,10.633999999999999,0.29466666666666674,3.6719999999999984,4.205333333333333,3.5306666666666664,-3.5193333333333334
2022-05-01,31.18,61.68133333333333,22.653333333333332,19.125999999999998,42.85533333333333,69.55133333333333,65.42333333333333,15.925333333333334,1.0413333333333332,62.605999999999995,37.394,883.6924066666668,9.573333333333334,70.40466666666667,84.10266666666668,224.79599999999996,20.605333333333327,2.438,5.156000000000001,4.085333333333334,1.7786666666666666,9.654666666666666,8.986,16.398000000000003,24.843999999999998,11.406666666666668,0.2913333333333333,3.9799999999999995,4.241999999999999,3.556666666666666,-3.554
2022-06-01,32.617333333333335,60.59533333333332,22.28666666666667,19.130666666666666,41.91133333333333,69.69066666666666,65.51733333333333,16.026666666666667,1.0366666666666666,62.84933333333333,37.15066666666667,883.8672333333333,10.300666666666668,70.39533333333334,83.502,231.73,20.251333333333335,2.4100000000000006,5.1066666666666665,4.088666666666667,1.7733333333333334,9.481333333333334,8.929333333333334,16.394666666666662,24.62466666666667,11.222000000000001,0.31666666666666665,4.230666666666667,4.278666666666667,3.5346666666666664,-3.562
2022-07-01,33.094,61.08866666666667,22.074666666666666,18.826000000000004,42.34733333333334,69.314,65.10600000000001,15.959333333333335,1.0253333333333332,63.04866666666666,36.95133333333333,879.4878066666666,10.050666666666666,70.79866666666666,83.692,230.57266666666666,20.082666666666668,2.5640000000000005,5.634666666666666,4.092000000000001,1.7926666666666666,9.714000000000002,9.132666666666667,16.69333333333333,26.192,12.440000000000001,0.3419999999999999,4.677333333333333,4.315333333333333,3.551333333333333,-3.571333333333333
2022-08-01,30.657999999999998,57.89066666666667,21.151999999999997,18.142,40.30333333333333,69.99666666666666,65.82933333333332,15.564666666666666,0.9753333333333334,63.983333333333334,36.01666666666666,876.9082999999999,9.46,71.56733333333334,84.29066666666667,221.98666666666668,19.72266666666667,2.5060000000000002,5.673333333333332,4.038,1.7346666666666666,9.746666666666666,9.148666666666667,16.215333333333334,25.506666666666668,11.934666666666667,0.35533333333333333,5.0040000000000004,4.3373333333333335,3.572666666666666,-3.5813333333333333
2022-09-01,31.61733333333333,59.21799999999999,22.466,19.21533333333333,42.08866666666666,70.41533333333334,66.1,15.508666666666667,0.9213333333333333,64.414,35.586,866.4546066666666,10.478666666666667,70.66533333333334,83.36,226.74666666666673,19.519333333333336,2.544000000000001,5.855333333333333,4.031333333333333,1.7579999999999996,9.359333333333332,8.835333333333333,16.727333333333334,25.820000000000004,12.021333333333333,0.3680000000000001,5.086666666666667,4.314666666666667,3.562666666666666,-3.5580000000000003
2022-10-01,30.380000000000003,56.849999999999994,21.28066666666667,18.252000000000002,40.92666666666666,70.36,66.00533333333333,15.404,0.8966666666666667,64.01800000000001,35.982,867.9985133333334,9.798666666666664,71.58066666666667,83.962,222.73666666666668,19.302,2.6413333333333333,6.305333333333335,4.057333333333333,1.7840000000000003,9.627999999999998,9.074000000000002,16.432000000000002,26.95733333333334,12.716,0.3686666666666667,5.194,4.310666666666666,3.5873333333333335,-3.552
2022-11-01,30.43866666666667,57.285999999999994,21.071333333333335,18.09333333333333,40.70466666666666,69.96466666666667,65.61533333333334,15.383333333333333,0.9120000000000001,62.658666666666676,37.34133333333334,867.28722,9.521333333333333,71.65866666666666,84.18066666666667,221.97666666666666,19.17733333333333,2.681333333333333,6.573333333333333,4.062,1.806,9.820666666666666,9.27,15.972666666666669,27.202666666666666,12.816,0.3866666666666667,5.5566666666666675,4.33,3.5866666666666664,-3.5566666666666666
2022-12-01,33.257333333333335,58.224000000000004,21.65333333333333,18.819999999999997,41.387333333333324,70.07000000000001,66.13733333333333,15.393333333333338,0.9026666666666667,62.83266666666668,37.16733333333333,864.05904,10.758,70.82066666666667,83.10266666666666,239.11666666666665,19.188666666666666,2.5860000000000003,6.422000000000001,4.0393333333333334,1.8366666666666667,9.563333333333334,9.04066666666667,16.032666666666668,26.03933333333333,11.626,0.4166666666666667,6.268666666666666,4.3293333333333335,3.5679999999999996,-3.432666666666667
2023-01-01,33.72066666666667,59.422666666666665,21.166,18.396000000000004,41.523333333333326,69.93199999999999,65.924,15.743999999999998,0.8999999999999998,63.083999999999996,36.91599999999999,865.1898533333333,10.212,71.18133333333331,83.588,229.26333333333332,19.126,2.754,6.489999999999999,4.1146666666666665,1.93,9.527333333333333,8.996666666666666,15.787333333333333,28.106666666666673,12.989999999999998,0.298,3.687333333333333,4.297333333333333,3.667333333333333,-3.547333333333334
2023-02-01,31.91266666666667,58.00666666666668,20.209999999999997,17.703999999999997,39.99133333333334,69.692,65.646,15.878000000000002,0.8919999999999999,63.32000000000001,36.68,866.0382533333334,9.466666666666669,71.92,84.13799999999998,224.62999999999997,18.922666666666668,2.981333333333333,7.6259999999999994,4.094666666666667,1.9393333333333334,9.546666666666665,9.009999999999998,15.312666666666665,30.412666666666663,15.229333333333335,0.36800000000000005,5.205333333333333,4.287999999999999,3.5346666666666673,-3.548
2023-03-01,30.48666666666666,56.97533333333333,19.446666666666662,16.998,37.31666666666667,69.094,64.934,16.423333333333336,0.9133333333333333,64.03999999999999,35.96,866.3278333333332,8.946666666666665,72.52333333333333,84.64333333333335,211.49266666666665,18.772,2.893333333333333,7.490666666666667,4.141333333333333,1.9226666666666665,9.509333333333332,8.985333333333333,15.698666666666666,29.81933333333334,14.155333333333333,0.42533333333333334,5.172666666666667,4.384,3.7873333333333323,-3.5759999999999996
2023-04-01,32.779999999999994,60.566428571428574,20.44,17.74,39.656428571428556,67.95071428571428,63.68,16.852857142857143,0.9535714285714286,63.82714285714285,36.17285714285714,869.1018071428573,9.570714285714287,72.84642857142856,84.29214285714286,207.62142857142857,19.457857142857144,3.0957142857142856,8.38642857142857,4.2664285714285715,2.0764285714285715,9.77,9.232142857142858,15.55857142857143,31.505714285714284,15.11357142857143,0.48285714285714276,5.906428571428573,4.55,3.7371428571428575,-3.6399999999999997
2023-05-01,36.504285714285714,60.91928571428572,20.70928571428572,17.92642857142857,41.87571428571429,67.93357142857143,45.885714285714286,17.27785714285714,0.9807142857142858,60.55428571428571,39.44571428571429,698.3854214285714,10.72,73.14428571428572,83.37642857142858,229.8821428571428,19.00714285714286,3.0778571428571424,7.844285714285713,4.411428571428571,2.0557142857142856,9.751428571428571,9.202142857142857,16.42,32.29071428571429,15.593571428571428,0.46142857142857135,6.0614285714285705,4.500000000000001,3.707142857142857,-3.622142857142857
2023-06-01,41.42928571428571,65.07285714285715,22.41214285714286,19.16071428571429,47.21928571428571,68.23428571428572,42.881428571428565,16.98285714285714,0.9728571428571426,60.80857142857143,39.191428571428574,662.6141571428572,11.94642857142857,71.97571428571429,82.49285714285713,236.8557142857143,19.05,3.097142857142857,7.880714285714285,4.503571428571429,2.0742857142857143,9.806428571428572,9.240714285714287,17.037142857142857,32.46714285714287,15.299999999999997,0.47214285714285714,6.1000000000000005,4.494285714285715,3.7307142857142854,-3.64
2023-07-01,39.540000000000006,64.96142857142857,22.492142857142856,19.227857142857143,47.87357142857144,68.485,42.644999999999996,16.75,0.9657142857142855,58.34571428571428,41.65428571428571,650.5850785714284,11.595714285714285,71.96142857142857,82.70857142857142,235.03142857142853,18.935,3.325,8.773571428571428,4.585,2.1471428571428572,9.867142857142857,9.305000000000001,16.992142857142856,35.26285714285715,16.972857142857144,0.4585714285714285,5.652857142857143,4.473571428571428,3.7685714285714282,-3.6357142857142852
2023-08-01,39.81,65.98142857142857,22.949285714285715,19.7,51.14000000000001,68.5857142857143,40.487142857142864,16.788571428571426,0.9692857142857143,58.25214285714286,41.74785714285714,631.4026000000001,11.843571428571426,71.59857142857143,82.47714285714285,236.63928571428568,18.802142857142854,3.3578571428571427,8.941428571428572,4.627857142857144,2.2199999999999998,9.706428571428573,9.159999999999998,17.022142857142857,35.480714285714285,16.830714285714283,0.46642857142857147,5.783571428571428,4.461428571428572,3.6007142857142855,-3.619285714285715
2023-09-01,40.020714285714284,67.23214285714286,23.352857142857143,20.142857142857142,52.72500000000001,68.67285714285715,40.410714285714285,16.56,0.9471428571428572,58.37071428571429,41.62928571428572,622.1558999999999,12.002142857142855,71.21857142857142,82.38071428571429,237.24142857142857,18.812857142857137,3.382857142857144,8.784285714285714,4.667142857142856,2.2592857142857143,9.71714285714286,9.196428571428571,17.019285714285715,34.93785714285714,16.57785714285714,0.4749999999999999,5.8792857142857144,4.463571428571428,3.6035714285714286,-3.6228571428571428
2023-10-01,39.744285714285716,66.84714285714286,23.639285714285716,20.175714285714285,52.68285714285714,69.24,40.44,16.07357142857143,0.9421428571428573,58.36571428571428,41.63428571428572,626.7256357142857,11.98,71.27071428571428,82.42214285714286,233.55214285714285,18.845000000000002,3.5049999999999994,9.225,4.752142857142857,2.3685714285714283,9.904285714285717,9.352857142857143,17.337142857142858,36.39714285714286,17.65,0.43928571428571433,5.522857142857141,4.43,3.6407142857142856,-3.6350000000000002
2023-11-01,39.41357142857142,67.44500000000001,23.857857142857142,20.57357142857143,53.09357142857142,69.21071428571427,39.43714285714286,16.179285714285715,0.9385714285714286,57.669285714285714,42.330714285714286,614.381942857143,12.066428571428572,71.08857142857143,82.27285714285715,231.42999999999998,18.747142857142858,3.5432283129535294,9.286895094462356,4.767857142857143,2.391428571428571,9.693571428571428,9.302857142857144,17.24,36.46928571428571,17.30642857142857,0.47785714285714287,5.661428571428571,4.442857142857143,3.641428571428571,-3.591428571428571
2023-12-01,40.17,67.85,24.52642857142857,21.224285714285717,53.28142857142858,69.56857142857142,39.75,15.637142857142857,0.9192857142857144,57.81214285714286,42.18785714285714,604.3466857142857,12.52142857142857,70.33000000000001,81.86571428571429,241.29500000000004,18.813571428571432,3.5035714285714286,9.107857142857142,4.779285714285715,2.4349999999999996,9.844999999999999,9.441428571428572,17.33642857142857,35.515,16.384285714285713,0.49857142857142867,6.645714285714285,4.450714285714286,3.6528571428571435,-3.5342857142857147
2024-01-01,39.242142857142866,67.91142857142856,25.055,21.645714285714288,54.14,70.21785714285714,39.90714285714285,15.462857142857143,0.9664285714285714,58.714999999999996,41.285000000000004,605.81634999999994,12.387142857142859,69.99642857142858,81.94571428571429,232.2307142857143,18.802142857142854,3.701428571428571,9.78357142857143,4.8914285714285715,2.530714285714286,9.668571428571429,9.28357142857143,17.39428571428571,37.48428571428571,17.561428571428568,0.5407142857142857,3.4285714285714284,4.359285714285714,3.830714285714286,-3.3978571428571422
2024-02-01,41.507857142857134,69.105,25.37928571428571,21.94142857142857,55.59928571428571,70.00500000000001,39.46285714285714,15.602857142857143,0.9528571428571428,58.893571428571434,41.10642857142857,611.1023857142857,12.891428571428573,69.69000000000001,81.40928571428573,241.54928571428576,18.809285714285718,4.007857142857143,10.846428571428573,4.992857142857143,2.6128571428571425,9.59,9.22642857142857,17.614285714285717,40.38857142857143,19.56357142857143,0.8971428571428571,5.46,4.742857142857142,3.725,-3.466428571428572
2024-03-01,41.472857142857144,70.02,25.919999999999998,22.48071428571428,58.26285714285715,71.73714285714286,41.12642857142857,13.710714285714289,0.9564285714285715,61.08714285714286,38.91285714285715,630.8062785714286,13.133571428571429,69.08142857142857,81.18499999999999,246.54714285714286,18.71,4.036144202270836,10.712927407609598,5.102142857142856,2.652142857142857,9.457857142857142,9.049285714285714,17.465,41.43428571428571,19.511428571428574,0.6150000000000001,3.3771428571428563,4.365,3.783571428571429,-3.4271428571428575
2024-04-01,39.80285714285714,68.77,25.18642857142857,21.57571428571429,56.60642857142857,71.82428571428571,64.88,13.879285714285713,0.9435714285714284,60.592142857142846,39.40785714285715,861.6348714285715,12.165000000000001,69.97999999999999,82.14857142857143,227.1235714285714,18.687857142857148,4.007857142857143,10.959999999999999,5.151428571428572,2.690714285714286,9.757142857142856,9.330714285714285,18.11785714285714,40.19285714285714,18.55,0.6835714285714286,4.96,4.566428571428571,3.781428571428571,-3.5242857142857136
2024-05-01,38.294285714285714,67.43285714285716,24.91071428571428,21.307142857142857,55.699999999999996,72.01214285714285,67.18785714285714,13.375,0.9342857142857144,63.09785714285715,36.90214285714286,883.47295,11.858571428571429,70.30928571428572,82.47642857142857,223.70714285714283,18.54071428571429,4.097857142857142,11.438571428571427,5.2092857142857145,2.825714285714286,9.890714285714283,9.457142857142857,18.072857142857142,40.95357142857142,18.654285714285717,0.6449999999999999,5.151428571428572,4.57,3.822857142857143,-3.577142857142857
2024-06-01,39.62928571428572,68.54071428571429,24.757857142857148,21.469285714285718,56.58571428571428,71.75,66.8,13.275,0.9228571428571429,63.24357142857143,36.75642857142857,883.3432428571429,12.111428571428572,70.1207142857143,82.125,228.50428571428574,18.428571428571423,4.065714285714286,11.482142857142856,5.211428571428571,2.814285714285714,9.774285714285714,9.343571428571428,17.362857142857145,40.27928571428572,18.30785714285714,0.6221428571428572,5.885714285714284,4.585714285714286,3.799285714285714,-3.612857142857142
2024-07-01,38.62285714285714,67.51285714285714,24.845,21.289285714285715,56.54214285714287,72.24285714285715,67.20642857142857,12.918571428571429,0.9135714285714286,63.40214285714286,36.597857142857144,879.9729857142856,11.907857142857143,70.63214285714285,82.60357142857141,219.97285714285718,18.36785714285714,4.085714285714286,11.66,5.29,2.8607142857142853,10.104285714285714,9.649285714285714,17.715714285714288,39.49857142857144,17.59857142857143,0.6521428571428572,5.7821428571428575,4.676428571428572,3.817142857142857,-3.6649999999999996
2024-08-01,38.333571428571425,66.84928571428571,25.219285714285718,21.62857142857143,56.605,72.65142857142858,67.49071428571429,12.47,0.8935714285714287,64.31500000000001,35.684999999999995,882.1626999999999,12.245714285714286,70.31857142857143,82.25571428571428,220.49,18.16357142857143,4.100714285714286,11.86,5.295714285714287,2.864285714285714,10.072857142857144,9.614285714285714,17.48785714285714,39.55357142857142,17.689285714285717,0.6607142857142858,6.228571428571429,4.688571428571428,3.829285714285714,-3.6764285714285725
2024-09-01,36.77428571428572,64.92,24.564285714285717,21.412857142857145,55.435,73.22428571428573,67.87285714285714,11.84,0.91,64.59142857142857,35.40857142857143,879.9214857142858,12.079285714285716,70.51857142857145,82.43071428571429,225.69928571428568,18.02857142857143,4.147857142857142,12.226428571428572,5.332142857142857,2.8471428571428565,9.959285714285715,9.517857142857142,16.626428571428573,40.79642857142857,18.40285714285714,0.597857142857143,5.743571428571428,4.6414285714285715,3.8150000000000004,-3.684285714285714
2024-10-01,33.82176071396122,64.28639995654541,24.748678022684953,21.372782731127746,56.39409265285616,73.31123340143064,68.02160116862908,11.822680411376181,0.8707739699325794,62.062820743623874,37.937179256376126,879.8764501194546,11.149317039007355,70.58619260388755,83.39826692437939,209.43709748586983,17.827235974787456,4.0764068198712415,12.427304230521301,5.277032867824518,2.837066066815196,10.094232336491805,9.62789565668055,16.99019083993444,39.91530743536833,18.083296753068247,0.6791923985036054,7.04191570669884,4.772873425484911,3.8159119400086303,-3.707510010472287
2024-11-01,34.58271673209911,66.57443161274938,25.09243412557968,21.661158190901208,55.2342421185894,72.70325029673504,67.42284343574102,11.924289066259918,0.8653283588582485,61.393319506570194,38.60668049342979,879.4992419261486,11.08295710911317,70.46346475951145,83.53016112019756,209.10968214233614,17.65858759679207,3.9447531521140333,12.189140921369084,5.230080192816939,2.788296780890169,10.20646529284178,9.715783131469355,16.862473445509856,38.31537192528616,16.018343739586154,0.7340764730614244,7.989834934297533,4.842874038917615,3.8008244914029774,-3.7245030600947637
2024-12-01,33.95418732981805,64.13853099581523,24.894061860074522,21.538105044854273,52.941033501509075,73.1751147569748,67.99705825751883,11.869260906782909,0.8559222404166523,60.558610431543954,39.44138956845603,875.174629235146,11.436388685531805,70.62591842403448,83.25092276052797,209.69466111818,17.739008591063996,3.7486563071165118,11.426851034316726,5.065518035553554,2.713020482224892,10.244210273192648,9.745780756989111,16.56277207212405,35.393502612290206,14.514013982246762,0.8438756603330253,9.858995341456042,4.939876725287538,3.8047587755683496,-3.6988996412258737
2025-01-01,34.7299366239037,64.63247606627546,25.23714448603419,21.868406987265523,53.89365731402421,73.29097712105512,68.07646426722461,11.752534175338754,0.8477179106306171,61.015140705139856,38.98485929486014,876.6955311000509,11.65662585727642,70.19849204903343,82.96401992520167,214.59783719795294,17.757758540032533,3.839479979535201,11.867919665332535,5.14209215772201,2.7926539989867085,10.203025402218492,9.685190748497543,17.056921814175425,36.64268946293503,15.033348609174817,0.4267877982334215,4.847599363840117,4.6298749891496325,3.927001558131009,-3.8993450939281935
2025-02-01,35.991822933248486,65.55641943773551,26.264703310582075,22.71556788334356,55.039453644329775,73.6618050843249,68.28111282759741,11.567323881122178,0.8075175443860019,60.96592574002557,39.034074259974425,879.5501329749995,12.426716616036831,69.49303116316842,82.37556923730251,225.65341197002695,17.701741707851056,3.893385052997091,12.065523410480191,5.164829410757138,2.825088365216083,10.011565679825779,9.484621420544688,17.744377944328676,37.86918483395291,15.793287601912732,0.3775531187449616,4.118579692817829,4.499161774914336,3.7254697841108197,-3.8835668433151196
2025-03-01,35.38357643441669,64.94496084426666,25.981060182386308,22.516999466438286,54.359390020291684,73.71997102957457,68.27522024376447,11.534723223954229,0.8054510941097842,62.09594095840988,37.90405904159014,879.5759594627347,12.174783539435822,69.62699627835626,82.57365858472293,219.74824542931586,17.624612469144516,3.8769120118159957,12.11744279550328,5.162811567098083,2.799905181144318,9.933337209863671,9.414429832054784,17.760304011804266,37.75140051095519,15.73409556643239,0.46004987805980757,5.239174027494859,4.5871416960524645,3.8110168288713218,-3.852597542139793
2025-04-01,33.69581669772574,62.969110044048705,24.572249744544138,21.184023541744917,51.772572385458595,73.26489081056522,68.1629659565261,11.73386342407037,0.8235544825734886,60.35929179015479,39.64070820984522,881.2531633825154,11.26070613991436,70.8960021100606,83.47331050422102,206.9460128336402,17.43805248070614,3.827319973787995,12.16180403591701,5.1657966066994865,2.809879630532928,10.14106563535459,9.592439812925567,17.72526084819436,37.41633296935091,15.426622707392772,0.5404322255725006,6.287387299381709,4.789508141639409,3.8048570564549045,-3.894618877581416
2025-05-01,32.98529903586511,61.89900566339282,24.124469787295787,20.755257916285668,50.567269996471275,72.84809448691796,67.85429728915891,11.854479999635382,0.8289844781409685,60.02360712080904,39.97639287919096,877.4508006796116,11.030435327055372,71.29745798402226,83.81710329574865,202.41353831915254,17.243287540822433,3.778064498456868,12.182170432849036,5.214237785055489,2.7962374167634274,10.329019366811943,9.682025497132203,17.19889597557326,36.409779552442906,14.925936166170853,0.6254926363009086,7.485050191807337,4.9576292517826674,3.835830995156848,-3.9552933561014663
2025-06-01,33.99528516689557,63.37874063786612,24.69974249661936,21.041890749127337,50.80395527712268,72.6761066271438,67.62662228107418,12.041017449519629,0.8272410501326528,60.02360712080904,39.97639287919096,877.4508006796116,11.22791237912706,71.01850822232564,83.73589115257792,197.31723513259132,17.173792113395038,3.7166410117261557,12.07923732423176,5.217637115442479,2.7975041880116183,10.442733426193413,9.7856898377696009,17.670238472667982,35.38795480176745,14.485548138376668,0.6384919996152425,7.542007398904509,4.96283848602547,3.8381322782359413,-3.973536341869683
2025-07-01,35.45719920313908,64.35695706065911,24.69353017967918,21.149192209442383,50.864086942053504,72.51061104941172,67.52868208124667,12.145602162186622,0.807210748941624,58.844745354551335,41.15525464544866,872.9930978120088,11.606338252104214,70.91701672317626,83.44345848841508,200.64355289004703,17.149419695103834,3.732480628399643,12.290336345224903,5.259308121793793,2.8594928256583194,10.507148370986998,9.858189249883457,17.39168024950395,35.182739277650015,14.073093332095825,0.6928165108744994,8.085863296819621,5.106852885447814,3.849911218877452,-4.02117093076881
2025-08-01,36.84343663846092,66.00967934007564,24.91486265880703,21.368761768529616,53.792048249357514,72.35090309593853,67.3341137867787,11.73277470603087,0.7946140388250219,58.55383839883752,41.44616160116249,864.4673406045621,11.828689086121363,70.65721746650239,83.17132960256194,206.85527343616772,17.11680519246376,3.758227837244971,12.439310876167891,5.302755051510921,2.901488471959276,10.815220055771817,10.129209330999002,17.378770624483092,34.910455617599894,14.006326425688465,0.7495499289243842,8.648190726170554,5.192201743568012,3.8771420348078016,-4.066450431153222
2025-09-01,38.46643589316501,67.69956165859732,26.447923199566862,22.576123168514965,56.3834165624724,73.03721084881504,68.0094987368247,11.35793666908725,0.8289090111872025,59.30890540726924,40.69109459273076,864.6310070976996,12.809947182311259,69.60400810796426,82.37508631542963,211.37969912545094,16.978328073692072,3.7486397655642376,12.57769379468225,5.274126664921131,2.906002429850042,10.600488281061445,9.940722119878064,17.558829797904,34.63076958057784,14.087125755955913,0.7632472201543827,8.947122157209582,5.181946417738154,3.883432552470654,-4.04424223190541
2025-10-01,38.720765911822596,68.09055787239517,26.706528220927883,22.665278476692105,57.21398296466886,73.14494830280182,68.23642036249302,11.204394026439747,0.8595948074054102,58.303647489293674,41.696352510706326,860.8685784827633,12.817737227598396,69.30257309201242,82.26177315737623,211.6053993711395,16.793643522615117,3.666052252068326,12.401539052028708,5.19734123494491,2.9060024298500418,10.80190915453178,10.11474929011985,17.697409170424642,34.00204339178024,13.879131279447867,0.8109893875995537,9.407905725566179,5.254918251289278,3.8817237845713843,-4.086156593280334
2025-11-01,39.19168221715156,69.16026791161055,27.43735166565176,23.247556039048877,58.76471836165553,72.87377516358833,67.99380412956815,11.143264775784605,0.8380277341825534,57.95763332350432,42.0423666764957,854.8678249466536,13.109554245693838,68.84667252098893,81.94427699159152,212.22545169281918,16.72682287777814,3.738532678802349,12.926394359980497,5.160326908335196,2.81967925822672,10.780895259799653,10.10822840543179,17.666324720770525,34.27170342498679,14.327491345245322,0.8039618830750934,9.390042853645795,5.2165742581341545,3.8912828003843147,-4.071469530134486
2025-12-01,38.90046135166095,67.43187066616967,28.020322707496934,23.787293538019025,58.3866194195165,73.88797821286114,69.10670993473988,10.673409933113799,0.8208028533976484,57.700349285417495,42.299650714582505,855.3178320095258,13.844617035436771,68.3234240176573,81.33584409307882,219.0540979323549,16.541171468368038,3.4676512583952417,12.354204423835295,5.052151212976589,2.730696283583899,10.88666122880874,10.206847558996552,17.40693680547962,30.842316435822067,12.367881435776443,1.0230614135280858,12.152179140358287,5.325662222037822,3.9115192091028286,-4.046515585883816
